ID,Titre,URL,Thumbnail,Created_at
RRCSI-vlZCc,Je N'ARRIVE PAS à jouer Ça,https://youtu.be/RRCSI-vlZCc,https://i.ytimg.com/vi/RRCSI-vlZCc/hqdefault.jpg?sqp=-oaymwEbCKgBEF5IVfKriqkDDggBFQAAiEIYAXABwAEG&rs=AOn4CLBNHX7aJLYdGdzECn0Dp_5QD36m0A,2025-09-10 16:29:51.000000
9qbLLnpvXXY,Rythmique CAJUN du BAYOU,https://youtu.be/9qbLLnpvXXY,https://i.ytimg.com/vi/9qbLLnpvXXY/hqdefault.jpg?sqp=-oaymwEbCKgBEF5IVfKriqkDDggBFQAAiEIYAXABwAEG&rs=AOn4CLCLpm4xBwihntjahtMJXPdsrPpfrQ,
Dl8vfV_7mik,PROPHETS of RAGE - Tuto,https://youtu.be/Dl8vfV_7mik,https://i.ytimg.com/vi/Dl8vfV_7mik/hqdefault.jpg?sqp=-oaymwEbCKgBEF5IVfKriqkDDggBFQAAiEIYAXABwAEG&rs=AOn4CLDwsZFWqqb8WlrpaDnNeDkjEAIIgg,
4PGMW1T9Pkk,ACCORDS magiques à la GUITARE,https://youtu.be/4PGMW1T9Pkk,https://i.ytimg.com/vi/4PGMW1T9Pkk/hqdefault.jpg?sqp=-oaymwEbCKgBEF5IVfKriqkDDggBFQAAiEIYAXABwAEG&rs=AOn4CLA2UaWptdMbqVZerFMprje4pSF_0A,
Y-aWteNhp8Q,Gérer les TROLLS,https://youtu.be/Y-aWteNhp8Q,https://i.ytimg.com/vi/Y-aWteNhp8Q/hqdefault.jpg?sqp=-oaymwEbCKgBEF5IVfKriqkDDggBFQAAiEIYAXABwAEG&rs=AOn4CLBDXND70P3JAv1flOLVD8KIFbYTKg,
tsm4dF6To5E,Des E mineurs MAGNIFIQUES,https://youtu.be/tsm4dF6To5E,https://i.ytimg.com/vi/tsm4dF6To5E/hqdefault.jpg?sqp=-oaymwEbCKgBEF5IVfKriqkDDggBFQAAiEIYAXABwAEG&rs=AOn4CLBk2yAda8KP_e3fsV4bBgVyiQ1pnQ,
ClPoGE_3sAM,Exemple d’utilisation ACCORD de QUARTES,https://youtu.be/ClPoGE_3sAM,https://i.ytimg.com/vi/ClPoGE_3sAM/hqdefault.jpg?sqp=-oaymwEbCKgBEF5IVfKriqkDDggBFQAAiEIYAXABwAEG&rs=AOn4CLCKyhN6Mni9HbnRercXyZKyOuw7AQ,
-RbLAMyeBUc,ENRICHIR facilement les accords à la GUITARE,https://youtu.be/-RbLAMyeBUc,https://i.ytimg.com/vi/-RbLAMyeBUc/hqdefault.jpg?sqp=-oaymwEbCKgBEF5IVfKriqkDDggBFQAAiEIYAXABwAEG&rs=AOn4CLDCIPlfD3ddQwojgw2OzRJZarhswA,
gJlyHaPI9Ws,Nouvel AMPLI Val MARTINS - Black Tone - mon modèle signature,https://youtu.be/gJlyHaPI9Ws,https://i.ytimg.com/vi/gJlyHaPI9Ws/hqdefault.jpg?sqp=-oaymwEbCKgBEF5IVfKriqkDDggBFQAAiEIYAXABwAEG&rs=AOn4CLDxCM-FPZyDHQbZnYXfBvxU0XjpIw,
RFormXNz7Ps,Old BLUES Riff Roots,https://youtu.be/RFormXNz7Ps,https://i.ytimg.com/vi/RFormXNz7Ps/hqdefault.jpg?sqp=-oaymwEbCKgBEF5IVfKriqkDDggBFQAAiEIYAXABwAEG&rs=AOn4CLCWai1VMNdb6VYDFKIvcJe2Jbt3XA,
iVzSXz90krQ,Comment OPTIMISER la FLUIDITE à la guitare ?,https://youtu.be/iVzSXz90krQ,https://i.ytimg.com/vi/iVzSXz90krQ/hqdefault.jpg?sqp=-oaymwEbCKgBEF5IVfKriqkDDggBFQAAiEIYAXABwAEG&rs=AOn4CLBplHhgCWKayqsi7ZRNqPi7mSw9iw,
4ZX4u0dl0gk,ACCORDS Plus FACILES et beaux à la GUITARE,https://youtu.be/4ZX4u0dl0gk,https://i.ytimg.com/vi/4ZX4u0dl0gk/hqdefault.jpg?sqp=-oaymwEbCKgBEF5IVfKriqkDDggBFQAAiEIYAXABwAEG&rs=AOn4CLCydtFOxAzvNwI86Ib4bo8b_Sh4ww,
lQ9RvXC3-RE,TERNAIRE ou SHUFFLE ?,https://youtu.be/lQ9RvXC3-RE,https://i.ytimg.com/vi/lQ9RvXC3-RE/hqdefault.jpg?sqp=-oaymwEbCKgBEF5IVfKriqkDDggBFQAAiEIYAXABwAEG&rs=AOn4CLBxR1t-revmJZ0RUb0Cv4aDa6xISA,
3AWCjuBuLFU,1962 GUITARE 7 Cordes LETOURNEAU,https://youtu.be/3AWCjuBuLFU,https://i.ytimg.com/vi/3AWCjuBuLFU/hqdefault.jpg?sqp=-oaymwEbCKgBEF5IVfKriqkDDggBFQAAiEIYAXABwAEG&rs=AOn4CLC1BN8nuKpfG7410t3S66w3afHHkA,
_Gm_zAMbCtU,John SCOFIELD - le son diminué,https://youtu.be/_Gm_zAMbCtU,https://i.ytimg.com/vi/_Gm_zAMbCtU/hqdefault.jpg?sqp=-oaymwEbCKgBEF5IVfKriqkDDggBFQAAiEIYAXABwAEG&rs=AOn4CLCOfNfUX1h5RqLPk3WyUjY2UGrOEQ,
6AwLrQV_B2I,Beaux Accords GUITARE,https://youtu.be/6AwLrQV_B2I,https://i.ytimg.com/vi/6AwLrQV_B2I/hqdefault.jpg?sqp=-oaymwEbCKgBEF5IVfKriqkDDggBFQAAiEIYAXABwAEG&rs=AOn4CLBbkoRlPZ-DIYIo6LOm8OSe3ubNbA,
zNSILl7VGP4,Comment être plus PRESENT sur SCENE ?,https://youtu.be/zNSILl7VGP4,https://i.ytimg.com/vi/zNSILl7VGP4/hqdefault.jpg?sqp=-oaymwEbCKgBEF5IVfKriqkDDggBFQAAiEIYAXABwAEG&rs=AOn4CLD6wEQAAMd_63bGsSmk_XqFrf3KIg,
WDRFcfz3OsE,BACKING TRACK - E Blues,https://youtu.be/WDRFcfz3OsE,https://i.ytimg.com/vi/WDRFcfz3OsE/hqdefault.jpg?sqp=-oaymwEbCKgBEF5IVfKriqkDDggBFQAAiEIYAXABwAEG&rs=AOn4CLBpm9lqNYfu_0pe_aimfE8XtIJP4w,
0lkzKDH9QB4,Impro BLUES - 12 mesures TABLATURES,https://youtu.be/0lkzKDH9QB4,https://i.ytimg.com/vi/0lkzKDH9QB4/hqdefault.jpg?sqp=-oaymwEbCKgBEF5IVfKriqkDDggBFQAAiEIYAXABwAEG&rs=AOn4CLBtHAWy6ZW6RURKMAKklJ4uCF5G-w,
S_t3aVV5zJs,Bien plus que des POWER CHORDS,https://youtu.be/S_t3aVV5zJs,https://i.ytimg.com/vi/S_t3aVV5zJs/hqdefault.jpg?sqp=-oaymwEbCKgBEF5IVfKriqkDDggBFQAAiEIYAXABwAEG&rs=AOn4CLB-nJjFufwLvzqJLexkKbBBJwMFyQ,
PA26EXsFcBs,GUITARE et DOULEURS,https://youtu.be/PA26EXsFcBs,https://i.ytimg.com/vi/PA26EXsFcBs/hqdefault.jpg?sqp=-oaymwEbCKgBEF5IVfKriqkDDggBFQAAiEIYAXABwAEG&rs=AOn4CLBsDJw7LpE7nxPG6H8-ee8dBtq7VA,
FTrdTupRwHI,LUTHIER GUITARE ma nouvelle 7 cordes,https://youtu.be/FTrdTupRwHI,https://i.ytimg.com/vi/FTrdTupRwHI/hqdefault.jpg?sqp=-oaymwEbCKgBEF5IVfKriqkDDggBFQAAiEIYAXABwAEG&rs=AOn4CLAUKc6I5MopKLx64e1MQxQyzICAUg,
liKk5w8oWY4,John McGEOCH - Guitariste génial méconnu,https://youtu.be/liKk5w8oWY4,https://i.ytimg.com/vi/liKk5w8oWY4/hqdefault.jpg?sqp=-oaymwEbCKgBEF5IVfKriqkDDggBFQAAiEIYAXABwAEG&rs=AOn4CLCfCEv16UADvk95wfoEhzJBuQXSDw,
GVvkmp2Z1rY,ACCORDS FACILES et MAGNIFIQUES,https://youtu.be/GVvkmp2Z1rY,https://i.ytimg.com/vi/GVvkmp2Z1rY/hqdefault.jpg?sqp=-oaymwEbCKgBEF5IVfKriqkDDggBFQAAiEIYAXABwAEG&rs=AOn4CLCChmKpCVL2R6GuBObJ9f_XajjAcw,
fkYrXb2323U,DESS - meilleur SWITCHER GUITARE - comment ça marche ?,https://youtu.be/fkYrXb2323U,https://i.ytimg.com/vi/fkYrXb2323U/hqdefault.jpg?sqp=-oaymwEbCKgBEF5IVfKriqkDDggBFQAAiEIYAXABwAEG&rs=AOn4CLB2QZdlKX6DAbN6ClAHbLtSuXPTVA,
Vz6dg2SSdc4,RYTHMIQUES FUNK - Prince style,https://youtu.be/Vz6dg2SSdc4,https://i.ytimg.com/vi/Vz6dg2SSdc4/hqdefault.jpg?sqp=-oaymwEbCKgBEF5IVfKriqkDDggBFQAAiEIYAXABwAEG&rs=AOn4CLCME5MucpTKwD8D_KObNuGpb5mXLw,
wp76mMGBCoU,Un autre Accord 7 vachement plus BEAU,https://youtu.be/wp76mMGBCoU,https://i.ytimg.com/vi/wp76mMGBCoU/hqdefault.jpg?sqp=-oaymwEbCKgBEF5IVfKriqkDDggBFQAAiEIYAXABwAEG&rs=AOn4CLD5LG0MALWQK2-HlMXsI4hx4vo21g,
0QwlqlhyrrI,COMPOSER une musique TRISTE,https://youtu.be/0QwlqlhyrrI,https://i.ytimg.com/vi/0QwlqlhyrrI/hqdefault.jpg?sqp=-oaymwEbCKgBEF5IVfKriqkDDggBFQAAiEIYAXABwAEG&rs=AOn4CLCGiLhXowSTS5OhCY8helhUy2AXeQ,
IWhvlllcD4M,Jouer un truc MEDIEVAL à la GUITARE,https://youtu.be/IWhvlllcD4M,https://i.ytimg.com/vi/IWhvlllcD4M/hqdefault.jpg?sqp=-oaymwEbCKgBEF5IVfKriqkDDggBFQAAiEIYAXABwAEG&rs=AOn4CLAuznmeYDpV8AaGNGE_Jbq4eDokXw,
PoG6aOOLtH8,The CHRISTIANS Words - 3 niveaux (accessible aux DEBUTANTS),https://youtu.be/PoG6aOOLtH8,https://i.ytimg.com/vi/PoG6aOOLtH8/hqdefault.jpg?sqp=-oaymwEbCKgBEF5IVfKriqkDDggBFQAAiEIYAXABwAEG&rs=AOn4CLA4DD8dT9UFt7jFM8ZpXadBW0pPDg,
3JabdBo6jN8,Devenir MUSICIEN,https://youtu.be/3JabdBo6jN8,https://i.ytimg.com/vi/3JabdBo6jN8/hqdefault.jpg?sqp=-oaymwEbCKgBEF5IVfKriqkDDggBFQAAiEIYAXABwAEG&rs=AOn4CLCi89C6lf1sJDk7P4mF1F7R6M6NdQ,
7Ro8Y7jJ0QU,OLD BLUES STUFF - bien roots,https://youtu.be/7Ro8Y7jJ0QU,https://i.ytimg.com/vi/7Ro8Y7jJ0QU/hqdefault.jpg?sqp=-oaymwEbCKgBEF5IVfKriqkDDggBFQAAiEIYAXABwAEG&rs=AOn4CLBFrhJa7687vImPPi9RlDGxtPrMgQ,
DyicPLgTcyA,IMPROVISER dans le style de Robben FORD,https://youtu.be/DyicPLgTcyA,https://i.ytimg.com/vi/DyicPLgTcyA/hqdefault.jpg?sqp=-oaymwEbCKgBEF5IVfKriqkDDggBFQAAiEIYAXABwAEG&rs=AOn4CLDIZbJ6whKE0fBMBVIJQ9nC0u_UVQ,
MyPriDq-sas,Renversement UTILE,https://youtu.be/MyPriDq-sas,https://i.ytimg.com/vi/MyPriDq-sas/hqdefault.jpg?sqp=-oaymwEbCKgBEF5IVfKriqkDDggBFQAAiEIYAXABwAEG&rs=AOn4CLD52S-4qRZtJaUj_f6ByW4ABf_rig,
mOLDRpsAfpU,Mon NOUVEL AMPLI - Val Martins,https://youtu.be/mOLDRpsAfpU,https://i.ytimg.com/vi/mOLDRpsAfpU/hqdefault.jpg?sqp=-oaymwEbCKgBEF5IVfKriqkDDggBFQAAiEIYAXABwAEG&rs=AOn4CLAEtqI8Sjx5-nHrZIIBFF9FM0uKtA,
3EFxaQnpicY,Comment FINIR une CHANSON,https://youtu.be/3EFxaQnpicY,https://i.ytimg.com/vi/3EFxaQnpicY/hqdefault.jpg?sqp=-oaymwEbCKgBEF5IVfKriqkDDggBFQAAiEIYAXABwAEG&rs=AOn4CLDy9lEhbDj6WNvoAMHOwbF1xTmSJg,
6CHfZTwwrxI,ACDC vs BEATLES,https://youtu.be/6CHfZTwwrxI,https://i.ytimg.com/vi/6CHfZTwwrxI/hqdefault.jpg?sqp=-oaymwEbCKgBEF5IVfKriqkDDggBFQAAiEIYAXABwAEG&rs=AOn4CLAMqkLcxyZw1sV3F6AJoD4tTHTt5w,
Bmw75iLzebA,ACCORDS MAGNIFIQUES avec un C majeur,https://youtu.be/Bmw75iLzebA,https://i.ytimg.com/vi/Bmw75iLzebA/hqdefault.jpg?sqp=-oaymwEbCKgBEF5IVfKriqkDDggBFQAAiEIYAXABwAEG&rs=AOn4CLDZvBofHdsTgxcL5vcZiD5eU4QJgA,
U39-_2_YK8I,CHOISIR UNE GUITARE Blues Jazz,https://youtu.be/U39-_2_YK8I,https://i.ytimg.com/vi/U39-_2_YK8I/hqdefault.jpg?sqp=-oaymwEbCKgBEF5IVfKriqkDDggBFQAAiEIYAXABwAEG&rs=AOn4CLCIiV28eC3kKPvPwXO7SwbU1H_Acg,
wmyFE8CDBZI,SONNER JAZZY avec le DORIEN,https://youtu.be/wmyFE8CDBZI,https://i.ytimg.com/vi/wmyFE8CDBZI/hqdefault.jpg?sqp=-oaymwEbCKgBEF5IVfKriqkDDggBFQAAiEIYAXABwAEG&rs=AOn4CLCLoENXxVwJqDyRHNI7zCGyPh-zcw,
0YyGcA14ga4,Pat METHENY et les TRIADES,https://youtu.be/0YyGcA14ga4,https://i.ytimg.com/vi/0YyGcA14ga4/hqdefault.jpg?sqp=-oaymwEbCKgBEF5IVfKriqkDDggBFQAAiEIYAXABwAEG&rs=AOn4CLBctJQjzYGiBKvtoNh8-2wL03OzAA,
6Br4J2kymEw,Le MICRO ULTIME en son clair,https://youtu.be/6Br4J2kymEw,https://i.ytimg.com/vi/6Br4J2kymEw/hqdefault.jpg?sqp=-oaymwEbCKgBEF5IVfKriqkDDggBFQAAiEIYAXABwAEG&rs=AOn4CLD5p1xZFRBr4F8meH6hE4D_-Z2hQA,
6fpuBScTqxQ,LIGNES HARMONIQUES façon LED ZEPPELIN,https://youtu.be/6fpuBScTqxQ,https://i.ytimg.com/vi/6fpuBScTqxQ/hqdefault.jpg?sqp=-oaymwEbCKgBEF5IVfKriqkDDggBFQAAiEIYAXABwAEG&rs=AOn4CLBnXy3GPxapiM0nAtoAcn54uEFbHQ,
qgGkxwnTxfo,Pourquoi et comment TRAVAILLER les INTERVALLES ?,https://youtu.be/qgGkxwnTxfo,https://i.ytimg.com/vi/qgGkxwnTxfo/hqdefault.jpg?sqp=-oaymwEbCKgBEF5IVfKriqkDDggBFQAAiEIYAXABwAEG&rs=AOn4CLBp2GxjvCtqpHtdy5Zr-uyHVZefIg,
W12KlaZc8B4,On arrête les gros ACCORDS BARRÉS des familles,https://youtu.be/W12KlaZc8B4,https://i.ytimg.com/vi/W12KlaZc8B4/hqdefault.jpg?sqp=-oaymwEbCKgBEF5IVfKriqkDDggBFQAAiEIYAXABwAEG&rs=AOn4CLBG0s8po6X_NrRXqt3ff9EUxU3TYg,
7avT8q260JE,REGLER un AMPLI,https://youtu.be/7avT8q260JE,https://i.ytimg.com/vi/7avT8q260JE/hqdefault.jpg?sqp=-oaymwEbCKgBEF5IVfKriqkDDggBFQAAiEIYAXABwAEG&rs=AOn4CLBsh1ZNBuBN8ykHw8C8PdST9cQB-w,
d06DbctP-2c,Stevie WONDER style - à la guitare,https://youtu.be/d06DbctP-2c,https://i.ytimg.com/vi/d06DbctP-2c/hqdefault.jpg?sqp=-oaymwEbCKgBEF5IVfKriqkDDggBFQAAiEIYAXABwAEG&rs=AOn4CLCvlVWSXk3wMP1OvRx3FkxAt04s7g,
MPOxk73KXOI,COMPOSER comme LED ZEPPELIN - analyse,https://youtu.be/MPOxk73KXOI,https://i.ytimg.com/vi/MPOxk73KXOI/hqdefault.jpg?sqp=-oaymwEbCKgBEF5IVfKriqkDDggBFQAAiEIYAXABwAEG&rs=AOn4CLC7sBLgw3zSFv9_5kU7Oprpk1R-OA,
Gu9ZFtMPd9k,Comment faire SONNER les ACCORDS DIMINUÉS,https://youtu.be/Gu9ZFtMPd9k,https://i.ytimg.com/vi/Gu9ZFtMPd9k/hqdefault.jpg?sqp=-oaymwEbCKgBEF5IVfKriqkDDggBFQAAiEIYAXABwAEG&rs=AOn4CLDk0Ir5FfnDLwswptFH5CM8n96-RA,
zMjsKT7ZehY,CONCOURS de GUITARE - les gagnants en vidéo,https://youtu.be/zMjsKT7ZehY,https://i.ytimg.com/vi/zMjsKT7ZehY/hqdefault.jpg?sqp=-oaymwEbCKgBEF5IVfKriqkDDggBFQAAiEIYAXABwAEG&rs=AOn4CLACvJ2kTlTsW9G6nyGV10yPwvyxjg,
sZfsDB5KDbo,Truc COUNTRY Accessible aux DEBUTANTS,https://youtu.be/sZfsDB5KDbo,https://i.ytimg.com/vi/sZfsDB5KDbo/hqdefault.jpg?sqp=-oaymwEbCKgBEF5IVfKriqkDDggBFQAAiEIYAXABwAEG&rs=AOn4CLAZw55JlO81N8cQzU3BCK7DjLrWuA,
XaLOpKugJns,Exercices de DOIGTS pour la GUITARE,https://youtu.be/XaLOpKugJns,https://i.ytimg.com/vi/XaLOpKugJns/hqdefault.jpg?sqp=-oaymwEbCKgBEF5IVfKriqkDDggBFQAAiEIYAXABwAEG&rs=AOn4CLBJjM1UaZFJ7WKkKDzH5_eg6mD0Tg,
ovJr78cer0k,Accords BLUES JAZZ classieux,https://youtu.be/ovJr78cer0k,https://i.ytimg.com/vi/ovJr78cer0k/hqdefault.jpg?sqp=-oaymwEbCKgBEF5IVfKriqkDDggBFQAAiEIYAXABwAEG&rs=AOn4CLBNXCT_uC4X2GNnIspsuGz5wzZ8kA,
tHB0Ga7v6sA,POURQUOI as tu besoin d'un SWITCHER GUITARE ?,https://youtu.be/tHB0Ga7v6sA,https://i.ytimg.com/vi/tHB0Ga7v6sA/hqdefault.jpg?sqp=-oaymwEbCKgBEF5IVfKriqkDDggBFQAAiEIYAXABwAEG&rs=AOn4CLCj5EWdmfKWpTqyv-yagHMnTK93Cw,
7Qt9VkTpgJw,BLACK KEYS Style - riff bien roots !,https://youtu.be/7Qt9VkTpgJw,https://i.ytimg.com/vi/7Qt9VkTpgJw/hqdefault.jpg?sqp=-oaymwEbCKgBEF5IVfKriqkDDggBFQAAiEIYAXABwAEG&rs=AOn4CLCiQ5j1XfhoaWjv6YjDJdW4J9LXhQ,
A1DQlVxy_hQ,Jeff BECK Style - Techniques de bends,https://youtu.be/A1DQlVxy_hQ,https://i.ytimg.com/vi/A1DQlVxy_hQ/hqdefault.jpg?sqp=-oaymwEbCKgBEF5IVfKriqkDDggBFQAAiEIYAXABwAEG&rs=AOn4CLDlLOrur5VfE4YGdPR4xXSASgkdUg,
GRoBLtRGjec,MAGNIFIQUE ACCORD suspendu,https://youtu.be/GRoBLtRGjec,https://i.ytimg.com/vi/GRoBLtRGjec/hqdefault.jpg?sqp=-oaymwEbCKgBEF5IVfKriqkDDggBFQAAiEIYAXABwAEG&rs=AOn4CLAvC_rEqPQrR1oW5Hf-SlVppVrvfA,
dqC_onnKlwk,COMPTER le RYTHME en JOUANT,https://youtu.be/dqC_onnKlwk,https://i.ytimg.com/vi/dqC_onnKlwk/hqdefault.jpg?sqp=-oaymwEbCKgBEF5IVfKriqkDDggBFQAAiEIYAXABwAEG&rs=AOn4CLCRR5WWj0tGiMxxoEIFyhEkN1oVlw,
m4rW_hn_2wQ,TOUTES LES NOTES en harmoniques,https://youtu.be/m4rW_hn_2wQ,https://i.ytimg.com/vi/m4rW_hn_2wQ/hqdefault.jpg?sqp=-oaymwEbCKgBEF5IVfKriqkDDggBFQAAiEIYAXABwAEG&rs=AOn4CLBC5GKylsIjwTvnI5tavs-nsB0S0w,
367-RfZG5gs,Gamme diminuée à la BARTOK,https://youtu.be/367-RfZG5gs,https://i.ytimg.com/vi/367-RfZG5gs/hqdefault.jpg?sqp=-oaymwEbCKgBEF5IVfKriqkDDggBFQAAiEIYAXABwAEG&rs=AOn4CLDT65B8H5-h_ZlVvWZOPgYxGluDaQ,
Ya6PgAtjiZw,CHANGER D'ACCORD sans changer d'accord,https://youtu.be/Ya6PgAtjiZw,https://i.ytimg.com/vi/Ya6PgAtjiZw/hqdefault.jpg?sqp=-oaymwEbCKgBEF5IVfKriqkDDggBFQAAiEIYAXABwAEG&rs=AOn4CLDDqxqjZ652ifj_Yvj7NvJkX5KAkg,
gu8mAlLAcnQ,La MEILLEURE SANGLE GUITARE du monde,https://youtu.be/gu8mAlLAcnQ,https://i.ytimg.com/vi/gu8mAlLAcnQ/hqdefault.jpg?sqp=-oaymwEbCKgBEF5IVfKriqkDDggBFQAAiEIYAXABwAEG&rs=AOn4CLBJE6Y-WpWb1sDpw0BlPGzuTfNKUg,
P4ArKsAZshM,TOP AMPLI GUITARE - made in France,https://youtu.be/P4ArKsAZshM,https://i.ytimg.com/vi/P4ArKsAZshM/hqdefault.jpg?sqp=-oaymwEbCKgBEF5IVfKriqkDDggBFQAAiEIYAXABwAEG&rs=AOn4CLB5dRsWeWckZUTaOLkmlev5W7H_tQ,
_-kpk49xvRo,Votre TECHNIQUE - JEU aux DOIGTS,https://youtu.be/_-kpk49xvRo,https://i.ytimg.com/vi/_-kpk49xvRo/hqdefault.jpg?sqp=-oaymwEbCKgBEF5IVfKriqkDDggBFQAAiEIYAXABwAEG&rs=AOn4CLC49OCrBN_Wsgtgei2uXXKmhHrQ3g,
oFbwiiU48TA,SUITE D'ACCORDS Faciles pour les débutants,https://youtu.be/oFbwiiU48TA,https://i.ytimg.com/vi/oFbwiiU48TA/hqdefault.jpg?sqp=-oaymwEbCKgBEF5IVfKriqkDDggBFQAAiEIYAXABwAEG&rs=AOn4CLDgXnhqNjLJmUAj6TFGp5F-SJtI1w,
nG60TGWAj5A,INTERMITTENT du SPECTACLE,https://youtu.be/nG60TGWAj5A,https://i.ytimg.com/vi/nG60TGWAj5A/hqdefault.jpg?sqp=-oaymwEbCKgBEF5IVfKriqkDDggBFQAAiEIYAXABwAEG&rs=AOn4CLCL8Bu37N7anbUu1Nwk1_UQYJBXSw,
tMnp0xSK9WE,MONTREUX International Guitar Show - 2025,https://youtu.be/tMnp0xSK9WE,https://i.ytimg.com/vi/tMnp0xSK9WE/hqdefault.jpg?sqp=-oaymwEbCKgBEF5IVfKriqkDDggBFQAAiEIYAXABwAEG&rs=AOn4CLCWHse7DL1Jy4VQjri8XxtJIQLc6w,
vc1RvWEYER8,7 Nation Army JAZZ STYLE,https://youtu.be/vc1RvWEYER8,https://i.ytimg.com/vi/vc1RvWEYER8/hqdefault.jpg?sqp=-oaymwEbCKgBEF5IVfKriqkDDggBFQAAiEIYAXABwAEG&rs=AOn4CLBB2Cg7ojNJoWiwBOn7o3YhWznrTA,
ST7W_HZ7QuA,ACCORDS DISSONANTS magnifiques à la GUITARE,https://youtu.be/ST7W_HZ7QuA,https://i.ytimg.com/vi/ST7W_HZ7QuA/hqdefault.jpg?sqp=-oaymwEbCKgBEF5IVfKriqkDDggBFQAAiEIYAXABwAEG&rs=AOn4CLB1NH8a5R883ovtwQUFTT465Mu2Gg,
THdx-AnIldo,Un bel ACCORD à la DEBUSSY,https://youtu.be/THdx-AnIldo,https://i.ytimg.com/vi/THdx-AnIldo/hqdefault.jpg?sqp=-oaymwEbCKgBEF5IVfKriqkDDggBFQAAiEIYAXABwAEG&rs=AOn4CLAddePRP8Fxfsktujissgdi0xYpNg,
BcTnQyznojA,GUITARE 7 Cordes - Blues Jazz,https://youtu.be/BcTnQyznojA,https://i.ytimg.com/vi/BcTnQyznojA/hqdefault.jpg?sqp=-oaymwEbCKgBEF5IVfKriqkDDggBFQAAiEIYAXABwAEG&rs=AOn4CLAO_b8g8SqKO12Fwz5OCNmsTmYfbw,
5dN0kVAcNms,Mark KNOPFLER - Les MODES avec un truc simple,https://youtu.be/5dN0kVAcNms,https://i.ytimg.com/vi/5dN0kVAcNms/hqdefault.jpg?sqp=-oaymwEbCKgBEF5IVfKriqkDDggBFQAAiEIYAXABwAEG&rs=AOn4CLDZjHH5uAtDv2BqDKDyXjP-Og0hNA,
AJFhGd7LneU,Comment MIEUX TRAVAILLER à la GUITARE ?,https://youtu.be/AJFhGd7LneU,https://i.ytimg.com/vi/AJFhGd7LneU/hqdefault.jpg?sqp=-oaymwEbCKgBEF5IVfKriqkDDggBFQAAiEIYAXABwAEG&rs=AOn4CLAxOGcnZyB7WAkb3k2luyjBSvunzA,
pZFzjXalR8E,Un MATOS DE DINGUE pour votre guitare,https://youtu.be/pZFzjXalR8E,https://i.ytimg.com/vi/pZFzjXalR8E/hqdefault.jpg?sqp=-oaymwEbCKgBEF5IVfKriqkDDggBFQAAiEIYAXABwAEG&rs=AOn4CLB2w-LkSsXHrvz4XexAhI79wIllDQ,
gNrLtaHbSSk,MARK KNOPFLER - pourquoi je dois bosser ça ?,https://youtu.be/gNrLtaHbSSk,https://i.ytimg.com/vi/gNrLtaHbSSk/hqdefault.jpg?sqp=-oaymwEbCKgBEF5IVfKriqkDDggBFQAAiEIYAXABwAEG&rs=AOn4CLAmgFsY_HnKr9v08TWluu6ACkLvaA,
u4xr2CyOW7g,METALLICA - On Enrichit Nothing Else Matters,https://youtu.be/u4xr2CyOW7g,https://i.ytimg.com/vi/u4xr2CyOW7g/hqdefault.jpg?sqp=-oaymwEbCKgBEF5IVfKriqkDDggBFQAAiEIYAXABwAEG&rs=AOn4CLBHBvtUmOopYjKCZ0DqbRI8ZcSzhw,
2FapVMHRESQ,COMMENT composer à la GUITARE,https://youtu.be/2FapVMHRESQ,https://i.ytimg.com/vi/2FapVMHRESQ/hqdefault.jpg?sqp=-oaymwEbCKgBEF5IVfKriqkDDggBFQAAiEIYAXABwAEG&rs=AOn4CLAnrA1CQ1xKLoTJY2xRk1uoOacdqA,
LSRFjN8aSfk,AMPLIS GUITARE Quelle puissance choisir,https://youtu.be/LSRFjN8aSfk,https://i.ytimg.com/vi/LSRFjN8aSfk/hqdefault.jpg?sqp=-oaymwEbCKgBEF5IVfKriqkDDggBFQAAiEIYAXABwAEG&rs=AOn4CLCK7AQJ0-hbKb91wBmSTaHfGRPzJA,
t0izuVxz3ko,BLUES Les deux choses à éviter absolument,https://youtu.be/t0izuVxz3ko,https://i.ytimg.com/vi/t0izuVxz3ko/hqdefault.jpg?sqp=-oaymwEbCKgBEF5IVfKriqkDDggBFQAAiEIYAXABwAEG&rs=AOn4CLCGD4mm-nNY1pU8moCAuZTpwd4bmQ,
HpEljYCHuME,Accords Plus Beaux Et Plus Faciles à la GUITARE,https://youtu.be/HpEljYCHuME,https://i.ytimg.com/vi/HpEljYCHuME/hqdefault.jpg?sqp=-oaymwEbCKgBEF5IVfKriqkDDggBFQAAiEIYAXABwAEG&rs=AOn4CLDRWzOg8hMaTh1NiXow7FqeyLfs9A,
rEFUjdAtGpc,LUTHIER GUITARE le choix des options,https://youtu.be/rEFUjdAtGpc,https://i.ytimg.com/vi/rEFUjdAtGpc/hqdefault.jpg?sqp=-oaymwEbCKgBEF5IVfKriqkDDggBFQAAiEIYAXABwAEG&rs=AOn4CLB_CwLrJzuEqbnp0YXTZk8p1UPxDQ,
3YQb5ckGdIc,STAGE guitare - one shot - MIGS Montreux,https://youtu.be/3YQb5ckGdIc,https://i.ytimg.com/vi/3YQb5ckGdIc/hqdefault.jpg?sqp=-oaymwEbCKgBEF5IVfKriqkDDggBFQAAiEIYAXABwAEG&rs=AOn4CLBhep71C8wS69BE2e_zMTvBFAUUWw,
6yHQ4t4L2d8,TENNESSEE version facile,https://youtu.be/6yHQ4t4L2d8,https://i.ytimg.com/vi/6yHQ4t4L2d8/hqdefault.jpg?sqp=-oaymwEbCKgBEF5IVfKriqkDDggBFQAAiEIYAXABwAEG&rs=AOn4CLCJlWbblxIr26T1AXp8sGue8qFcKw,
wwUP57cWDqw,AMICALEMENT VOTRE - Avec De Beaux Accords,https://youtu.be/wwUP57cWDqw,https://i.ytimg.com/vi/wwUP57cWDqw/hqdefault.jpg?sqp=-oaymwEbCKgBEF5IVfKriqkDDggBFQAAiEIYAXABwAEG&rs=AOn4CLDsumJY3nhOldQazXo1tfpgtCEnxA,
0C9vYEcldG0,COMMENT Arrêter de STAGNER à la GUITARE,https://youtu.be/0C9vYEcldG0,https://i.ytimg.com/vi/0C9vYEcldG0/hqdefault.jpg?sqp=-oaymwEbCKgBEF5IVfKriqkDDggBFQAAiEIYAXABwAEG&rs=AOn4CLCaoi7q7tppEOxkxjGRzqabp1eRxg,
Wv8mLCpDsfE,Le plus IMPORTANT pour votre SON de GUITARE !,https://youtu.be/Wv8mLCpDsfE,https://i.ytimg.com/vi/Wv8mLCpDsfE/hqdefault.jpg?sqp=-oaymwEbCKgBEF5IVfKriqkDDggBFQAAiEIYAXABwAEG&rs=AOn4CLAd6gI98z0PkzBMMiIyOxHpDgSksA,
ZkLKAD0Npng,Rythmique FUNK GUITARE - Exos,https://youtu.be/ZkLKAD0Npng,https://i.ytimg.com/vi/ZkLKAD0Npng/hqdefault.jpg?sqp=-oaymwEbCKgBEF5IVfKriqkDDggBFQAAiEIYAXABwAEG&rs=AOn4CLAZA3uAPuKi6pFc6XhyNlHzRI8iyA,
k-QZMRakB60,LA mineur - mais vachement mieux à la GUITARE,https://youtu.be/k-QZMRakB60,https://i.ytimg.com/vi/k-QZMRakB60/hqdefault.jpg?sqp=-oaymwEbCKgBEF5IVfKriqkDDggBFQAAiEIYAXABwAEG&rs=AOn4CLBw_3zLqp5kAy5KYPqEjp6X-lgiBA,
NSUGdeD1wWc,AMPLIS à LAMPES - des choses à savoir,https://youtu.be/NSUGdeD1wWc,https://i.ytimg.com/vi/NSUGdeD1wWc/hqdefault.jpg?sqp=-oaymwEbCKgBEF5IVfKriqkDDggBFQAAiEIYAXABwAEG&rs=AOn4CLDW1F1rDIh0wr0DDBHGwEK7KCa2xQ,
kjhwu7rT6KY,Composer Style BLACK KEYS - exercices,https://youtu.be/kjhwu7rT6KY,https://i.ytimg.com/vi/kjhwu7rT6KY/hqdefault.jpg?sqp=-oaymwEbCKgBEF5IVfKriqkDDggBFQAAiEIYAXABwAEG&rs=AOn4CLAF3Fx7A1F4cp7JaeK3Yg8T3dUy-w,
mo00NuCTZgs,STING - Fields of gold - GUITARE - on enrichit,https://youtu.be/mo00NuCTZgs,https://i.ytimg.com/vi/mo00NuCTZgs/hqdefault.jpg?sqp=-oaymwEbCKgBEF5IVfKriqkDDggBFQAAiEIYAXABwAEG&rs=AOn4CLDd-t8hlfCBOoEWcJ9AFWEY-9CYOg,
GoYeHRN6Qxg,L'accord De La Semaine - Épisode #19,https://youtu.be/GoYeHRN6Qxg,https://i.ytimg.com/vi/GoYeHRN6Qxg/hqdefault.jpg?sqp=-oaymwEbCKgBEF5IVfKriqkDDggBFQAAiEIYAXABwAEG&rs=AOn4CLAc2lUDRYwbFtUo1mNiGbRWbZsdCg,
aRDJf25q53w,Ma PROCHAINE GUITARE - Letourneau,https://youtu.be/aRDJf25q53w,https://i.ytimg.com/vi/aRDJf25q53w/hqdefault.jpg?sqp=-oaymwEbCKgBEF5IVfKriqkDDggBFQAAiEIYAXABwAEG&rs=AOn4CLB0XD-UDTgooMulcNh5GcQ0VQt4cQ,
YeUQdjgdooM,CONCOURS de GUITARE - cadeau,https://youtu.be/YeUQdjgdooM,https://i.ytimg.com/vi/YeUQdjgdooM/hqdefault.jpg?sqp=-oaymwEbCKgBEF5IVfKriqkDDggBFQAAiEIYAXABwAEG&rs=AOn4CLBbMFzDy5xEg-SBsLi_AE3JtQ5y6Q,
3iaEyPPeEog,Impro BLUES JAZZ,https://youtu.be/3iaEyPPeEog,https://i.ytimg.com/vi/3iaEyPPeEog/hqdefault.jpg?sqp=-oaymwEbCKgBEF5IVfKriqkDDggBFQAAiEIYAXABwAEG&rs=AOn4CLA3464NQsAjozPxTfj4ZyobNkeUUg,
8PwidRl19eA,L'ACCORD de la SEMAINE - Épisode #18,https://youtu.be/8PwidRl19eA,https://i.ytimg.com/vi/8PwidRl19eA/hqdefault.jpg?sqp=-oaymwEbCKgBEF5IVfKriqkDDggBFQAAiEIYAXABwAEG&rs=AOn4CLCHe1aCeX4w7RfkeWrIwa3iNgvCMw,
kyg2XAOsjTQ,Le MEILLEUR SWITCHER du monde pour guitare - DESS,https://youtu.be/kyg2XAOsjTQ,https://i.ytimg.com/vi/kyg2XAOsjTQ/hqdefault.jpg?sqp=-oaymwEbCKgBEF5IVfKriqkDDggBFQAAiEIYAXABwAEG&rs=AOn4CLC7ReHntwTijycXuhhTNyDeE7_EVA,
Os2B9SYsCFA,BLUES ROOTS de sioux malade,https://youtu.be/Os2B9SYsCFA,https://i.ytimg.com/vi/Os2B9SYsCFA/hqdefault.jpg?sqp=-oaymwEbCKgBEF5IVfKriqkDDggBFQAAiEIYAXABwAEG&rs=AOn4CLA__cwYu09UvMOJ7DOjmbYZPhA8EQ,
PE51xYKR49c,Comment sonner COMME UN PRO à la guitare ?,https://youtu.be/PE51xYKR49c,https://i.ytimg.com/vi/PE51xYKR49c/hqdefault.jpg?sqp=-oaymwEbCKgBEF5IVfKriqkDDggBFQAAiEIYAXABwAEG&rs=AOn4CLC2mU0t0x1mLiEp4e3nym7MBsykWA,
jksG4fLqLEk,L'ACCORD de la SEMAINE - Épisode #17,https://youtu.be/jksG4fLqLEk,https://i.ytimg.com/vi/jksG4fLqLEk/hqdefault.jpg?sqp=-oaymwEbCKgBEF5IVfKriqkDDggBFQAAiEIYAXABwAEG&rs=AOn4CLAnfLHEY6ZBhECUwiK-FY7WA7Ii_A,
wmY61DDjGKs,Comment ne pas ACCELERER à la GUITARE ?,https://youtu.be/wmY61DDjGKs,https://i.ytimg.com/vi/wmY61DDjGKs/hqdefault.jpg?sqp=-oaymwEbCKgBEF5IVfKriqkDDggBFQAAiEIYAXABwAEG&rs=AOn4CLCYbFX3RNc9Vn33UB3z9RXh0j5g9g,
uPi7jf6UAac,AMBITUS D'ARPEGES,https://youtu.be/uPi7jf6UAac,https://i.ytimg.com/vi/uPi7jf6UAac/hqdefault.jpg?sqp=-oaymwEbCKgBEF5IVfKriqkDDggBFQAAiEIYAXABwAEG&rs=AOn4CLCpdjqvcP2rB4c1Q6AMrn0sdn7ejA,
kBCtYczAGb0,EXPLOITEZ VOTRE MAIN DROITE,https://youtu.be/kBCtYczAGb0,https://i.ytimg.com/vi/kBCtYczAGb0/hqdefault.jpg?sqp=-oaymwEbCKgBEF5IVfKriqkDDggBFQAAiEIYAXABwAEG&rs=AOn4CLDqlREl9-PtwTjJAnsjZ-m9xNqidQ,
nQZZjEroOfw,Comment JAZZIFIER FACILEMENT vos impros,https://youtu.be/nQZZjEroOfw,https://i.ytimg.com/vi/nQZZjEroOfw/hqdefault.jpg?sqp=-oaymwEbCKgBEF5IVfKriqkDDggBFQAAiEIYAXABwAEG&rs=AOn4CLAfJXodTMksXST0GzBvFKYZopON2w,
fXWm8OGaTrk,TUTU - laurent rousseau - 22 07 22,https://youtu.be/fXWm8OGaTrk,https://i.ytimg.com/vi/fXWm8OGaTrk/hqdefault.jpg?sqp=-oaymwEbCKgBEF5IVfKriqkDDggBFQAAiEIYAXABwAEG&rs=AOn4CLB_RbBo6Mw4wOrpazvUA7INhrKEYQ,
RWD5RgYsNp8,4 INFIMES RAISONS,https://youtu.be/RWD5RgYsNp8,https://i.ytimg.com/vi/RWD5RgYsNp8/hqdefault.jpg?sqp=-oaymwEbCKgBEF5IVfKriqkDDggBFQAAiEIYAXABwAEG&rs=AOn4CLBGh3XDuaSQZ8biV4RXo3G4BAhX6Q,
BcD-MNyCmGc,VOICI LA FIN,https://youtu.be/BcD-MNyCmGc,https://i.ytimg.com/vi/BcD-MNyCmGc/hqdefault.jpg?sqp=-oaymwEbCKgBEF5IVfKriqkDDggBFQAAiEIYAXABwAEG&rs=AOn4CLBKhIgxbQ-zr_6xdsIkkg5H3FKPXw,
Q1ZWUTQKfOw,TRAVAILLER Le Phrasé à la  GUITARE,https://youtu.be/Q1ZWUTQKfOw,https://i.ytimg.com/vi/Q1ZWUTQKfOw/hqdefault.jpg?sqp=-oaymwEbCKgBEF5IVfKriqkDDggBFQAAiEIYAXABwAEG&rs=AOn4CLBS_0wIoLUZUJAyI0EDyUbvH4Hp_g,
BSFHSrXzr4M,PERDU en rythme quand j'improvise,https://youtu.be/BSFHSrXzr4M,https://i.ytimg.com/vi/BSFHSrXzr4M/hqdefault.jpg?sqp=-oaymwEbCKgBEF5IVfKriqkDDggBFQAAiEIYAXABwAEG&rs=AOn4CLBKtAuHoynp9Mh-UQtlXaJOC24qHQ,
XCfl_m8i3K0,The KILLS STYLE,https://youtu.be/XCfl_m8i3K0,https://i.ytimg.com/vi/XCfl_m8i3K0/hqdefault.jpg?sqp=-oaymwEbCKgBEF5IVfKriqkDDggBFQAAiEIYAXABwAEG&rs=AOn4CLA5aF9YMPuUdZP5qOEZsLKA7m6bsQ,
zkb-WPktmvo,EXO SOUS LA TERRE,https://youtu.be/zkb-WPktmvo,https://i.ytimg.com/vi/zkb-WPktmvo/hqdefault.jpg?sqp=-oaymwEbCKgBEF5IVfKriqkDDggBFQAAiEIYAXABwAEG&rs=AOn4CLAf3e4khLv5YjGjyG9B92Ssz2QsKQ,
jMfTJMOLDz0,NE VOUS PERDEZ PLUS DANS LES MESURES,https://youtu.be/jMfTJMOLDz0,https://i.ytimg.com/vi/jMfTJMOLDz0/hqdefault.jpg?sqp=-oaymwEbCKgBEF5IVfKriqkDDggBFQAAiEIYAXABwAEG&rs=AOn4CLDLeuc-Z0nLdaTR1n8ELaOVr12K7g,
VYZwX-ddp7w,STAGES - OREILLE MODERNE 2023,https://youtu.be/VYZwX-ddp7w,https://i.ytimg.com/vi/VYZwX-ddp7w/hqdefault.jpg?sqp=-oaymwEbCKgBEF5IVfKriqkDDggBFQAAiEIYAXABwAEG&rs=AOn4CLAWy4IRhAyBnQtXzBYF7tbsKpwRKg,
1QZpAu47F4c,"CONCERT laurent rousseau - ""LEO"" - 27 08 22",https://youtu.be/1QZpAu47F4c,https://i.ytimg.com/vi/1QZpAu47F4c/hqdefault.jpg?sqp=-oaymwEbCKgBEF5IVfKriqkDDggBFQAAiEIYAXABwAEG&rs=AOn4CLAkxjZO3EMNYJ6dRgJeagoX1Ymblw,
HRTzB2q7Y0o,SPECIAL GRAND DEBUTANT - jeu aux doigts,https://youtu.be/HRTzB2q7Y0o,https://i.ytimg.com/vi/HRTzB2q7Y0o/hqdefault.jpg?sqp=-oaymwEbCKgBEF5IVfKriqkDDggBFQAAiEIYAXABwAEG&rs=AOn4CLC-fmSU4D5qHawPh9Lo0hSXUoTFhA,
y7vBL-7r6w8,TOP PLAN - Rory GALLAGHER,https://youtu.be/y7vBL-7r6w8,https://i.ytimg.com/vi/y7vBL-7r6w8/hqdefault.jpg?sqp=-oaymwEbCKgBEF5IVfKriqkDDggBFQAAiEIYAXABwAEG&rs=AOn4CLBaU_1DshS3TaA_gxAK__-v5kuXDg,
ZSK0zv_e1KA,"CONCERT laurent rousseau ""GIULIETTA"" -  27 08 22",https://youtu.be/ZSK0zv_e1KA,https://i.ytimg.com/vi/ZSK0zv_e1KA/hqdefault.jpg?sqp=-oaymwEbCKgBEF5IVfKriqkDDggBFQAAiEIYAXABwAEG&rs=AOn4CLAYh9griPrRRLseUNR1QWKt0KrEzA,
50YDDO8u0F4,une LES PAUL en METAL - loic Le Pape,https://youtu.be/50YDDO8u0F4,https://i.ytimg.com/vi/50YDDO8u0F4/hqdefault.jpg?sqp=-oaymwEbCKgBEF5IVfKriqkDDggBFQAAiEIYAXABwAEG&rs=AOn4CLCfPUrzjEBaW2SptRVbUajzMrn9vg,
3gc0wqYzLZE,YESTERDAY AVEC UN SEUL DOIGT,https://youtu.be/3gc0wqYzLZE,https://i.ytimg.com/vi/3gc0wqYzLZE/hqdefault.jpg?sqp=-oaymwEbCKgBEF5IVfKriqkDDggBFQAAiEIYAXABwAEG&rs=AOn4CLCzwMkASfeevCXj9D1ACZbMn_xkHQ,
S9pumIYB2hg,BLUES - MELANGER SOLO et ACCORDS,https://youtu.be/S9pumIYB2hg,https://i.ytimg.com/vi/S9pumIYB2hg/hqdefault.jpg?sqp=-oaymwEbCKgBEF5IVfKriqkDDggBFQAAiEIYAXABwAEG&rs=AOn4CLC2qAmNJN9ztP3UnP1zD4tLQz5B3Q,
kin0uOCgVQs,YESTERDAY pour les DEBUTANTS,https://youtu.be/kin0uOCgVQs,https://i.ytimg.com/vi/kin0uOCgVQs/hqdefault.jpg?sqp=-oaymwEbCKgBEF5IVfKriqkDDggBFQAAiEIYAXABwAEG&rs=AOn4CLBJwuX1r1eg4Fjtj839Py1l8OOyRA,
AcZamFjo-RQ,CONCERT laurent rousseau - DESERT SUN,https://youtu.be/AcZamFjo-RQ,https://i.ytimg.com/vi/AcZamFjo-RQ/hqdefault.jpg?sqp=-oaymwEbCKgBEF5IVfKriqkDDggBFQAAiEIYAXABwAEG&rs=AOn4CLDlpLmXDXKaxUT03ZyUHbu9xdCsMg,
_YJFXTU6Zu0,EXO RIFF - NIVEAU INTERMEDIAIRE,https://youtu.be/_YJFXTU6Zu0,https://i.ytimg.com/vi/_YJFXTU6Zu0/hqdefault.jpg?sqp=-oaymwEbCKgBEF5IVfKriqkDDggBFQAAiEIYAXABwAEG&rs=AOn4CLBarIVISv3cLJn3Ow8CnFmTZX1w7g,
nYrbgPgewuY,MEGA DEBUTANT - SUPER BEAU,https://youtu.be/nYrbgPgewuY,https://i.ytimg.com/vi/nYrbgPgewuY/hqdefault.jpg?sqp=-oaymwEbCKgBEF5IVfKriqkDDggBFQAAiEIYAXABwAEG&rs=AOn4CLDHE8z9HUh-XveGecEoXxfMMGgjow,
JS8NASfpvvs,DUO Laurent ROUSSEAU / Ptij MICHELET - Tutu 22 07 30,https://youtu.be/JS8NASfpvvs,https://i.ytimg.com/vi/JS8NASfpvvs/hqdefault.jpg?sqp=-oaymwEbCKgBEF5IVfKriqkDDggBFQAAiEIYAXABwAEG&rs=AOn4CLApvQnmMW5vY0BPkspadRWrOhlX1A,
IEUSLQFJXOM,REMPLACER LE GRAND Barré,https://youtu.be/IEUSLQFJXOM,https://i.ytimg.com/vi/IEUSLQFJXOM/hqdefault.jpg?sqp=-oaymwEbCKgBEF5IVfKriqkDDggBFQAAiEIYAXABwAEG&rs=AOn4CLCiEJER8zUcgsxcPs0WRj4s_HclDg,
Q5phcSGQNOQ,VOS LIMITES EN ALLER RETOURS,https://youtu.be/Q5phcSGQNOQ,https://i.ytimg.com/vi/Q5phcSGQNOQ/hqdefault.jpg?sqp=-oaymwEbCKgBEF5IVfKriqkDDggBFQAAiEIYAXABwAEG&rs=AOn4CLDhvwS71_Rh_HUVX5sM1yI981-Xrw,
5zKyJ4UeSG4,ALIENOR - laurent rousseau,https://youtu.be/5zKyJ4UeSG4,https://i.ytimg.com/vi/5zKyJ4UeSG4/hqdefault.jpg?sqp=-oaymwEbCKgBEF5IVfKriqkDDggBFQAAiEIYAXABwAEG&rs=AOn4CLCSUAx-xDxbqUJFPaGGFstkEkLGSQ,
dbis5TDJoLs,MA KOPO NUDE Sur le billard,https://youtu.be/dbis5TDJoLs,https://i.ytimg.com/vi/dbis5TDJoLs/hqdefault.jpg?sqp=-oaymwEbCKgBEF5IVfKriqkDDggBFQAAiEIYAXABwAEG&rs=AOn4CLD5Lv-JIKoa8Dp3g6BG6OFB4wmz1A,
_v80mZmNSy4,RETOURS de STAGES - laurent rousseau,https://youtu.be/_v80mZmNSy4,https://i.ytimg.com/vi/_v80mZmNSy4/hqdefault.jpg?sqp=-oaymwEbCKgBEF5IVfKriqkDDggBFQAAiEIYAXABwAEG&rs=AOn4CLBSCkNykNNvT95UfsBIeTD9CSTNJw,
fFybgTTvObY,MA NOUVELLE ALIM pedalboard - DESS MP12,https://youtu.be/fFybgTTvObY,https://i.ytimg.com/vi/fFybgTTvObY/hqdefault.jpg?sqp=-oaymwEbCKgBEF5IVfKriqkDDggBFQAAiEIYAXABwAEG&rs=AOn4CLA0vyjBd-n7SpgBV75iDX-8RzM2wg,
hmuqnUFeLuQ,NE VOUS PERDEZ PLUS DANS LA MESURE,https://youtu.be/hmuqnUFeLuQ,https://i.ytimg.com/vi/hmuqnUFeLuQ/hqdefault.jpg?sqp=-oaymwEbCKgBEF5IVfKriqkDDggBFQAAiEIYAXABwAEG&rs=AOn4CLASCRBFquRCHWm87UNJXFcD4bGxEw,
8e6-QaoI1-c,BIGSBY - Problèmes et Solutions,https://youtu.be/8e6-QaoI1-c,https://i.ytimg.com/vi/8e6-QaoI1-c/hqdefault.jpg?sqp=-oaymwEbCKgBEF5IVfKriqkDDggBFQAAiEIYAXABwAEG&rs=AOn4CLCQwjMzB-fn1aCct7WWiXMIxZDlCw,
URBpMy2_ABw,FRED KOPO Entretiens avec mon luthier,https://youtu.be/URBpMy2_ABw,https://i.ytimg.com/vi/URBpMy2_ABw/hqdefault.jpg?sqp=-oaymwEbCKgBEF5IVfKriqkDDggBFQAAiEIYAXABwAEG&rs=AOn4CLBS4UxF5WL6RdAPgTg3gZRztVKTuA,
cfceDXRYbIA,LE PRINCIPAL DEFAUT DES GUITARISTES,https://youtu.be/cfceDXRYbIA,https://i.ytimg.com/vi/cfceDXRYbIA/hqdefault.jpg?sqp=-oaymwEbCKgBEF5IVfKriqkDDggBFQAAiEIYAXABwAEG&rs=AOn4CLBa9x5Zh8LDNRHuM7MOxpZTTMmSPQ,
vob6z07wc64,UN SUPER BOUQUIN SUR LA MUSIQUE,https://youtu.be/vob6z07wc64,https://i.ytimg.com/vi/vob6z07wc64/hqdefault.jpg?sqp=-oaymwEbCKgBEF5IVfKriqkDDggBFQAAiEIYAXABwAEG&rs=AOn4CLC3IlUB_h_92dXbXhku9wsDhggJ2w,
JWLZ8xFiX_Y,DUO Laurent ROUSSEAU - Ptij MICHELET - 06 08 22,https://youtu.be/JWLZ8xFiX_Y,https://i.ytimg.com/vi/JWLZ8xFiX_Y/hqdefault.jpg?sqp=-oaymwEbCKgBEF5IVfKriqkDDggBFQAAiEIYAXABwAEG&rs=AOn4CLAm3RF9aEQzQOyRhS9Y3rohwfh7ag,
aQG7wZ0YM6Y,DES TONNES DE TRUCS POUR DEBUTER,https://youtu.be/aQG7wZ0YM6Y,https://i.ytimg.com/vi/aQG7wZ0YM6Y/hqdefault.jpg?sqp=-oaymwEbCKgBEF5IVfKriqkDDggBFQAAiEIYAXABwAEG&rs=AOn4CLDFS-tbk7PEO5w-TcCH63vJGgNffw,
gZrx7VqYgUg,LE MEILLEUR EXERCICE DE L'UNIVERS,https://youtu.be/gZrx7VqYgUg,https://i.ytimg.com/vi/gZrx7VqYgUg/hqdefault.jpg?sqp=-oaymwEbCKgBEF5IVfKriqkDDggBFQAAiEIYAXABwAEG&rs=AOn4CLAd-0P78fYOnyptgElIUozpZncK1g,
U8N4CQr6jrU,LES INTERVALLES DANS LA PRATIQUE,https://youtu.be/U8N4CQr6jrU,https://i.ytimg.com/vi/U8N4CQr6jrU/hqdefault.jpg?sqp=-oaymwEbCKgBEF5IVfKriqkDDggBFQAAiEIYAXABwAEG&rs=AOn4CLC0RtfCfq9Xyy-u1kF_Bo-8gbU9Uw,
awQz_ZPMO5U,MON TRUC SAUVAGE,https://youtu.be/awQz_ZPMO5U,https://i.ytimg.com/vi/awQz_ZPMO5U/hqdefault.jpg?sqp=-oaymwEbCKgBEF5IVfKriqkDDggBFQAAiEIYAXABwAEG&rs=AOn4CLAXXwq841tXpeLw1hknRQnBRKQyuA,
lUUA73gbrSI,SORTIR UN ALBUM,https://youtu.be/lUUA73gbrSI,https://i.ytimg.com/vi/lUUA73gbrSI/hqdefault.jpg?sqp=-oaymwEbCKgBEF5IVfKriqkDDggBFQAAiEIYAXABwAEG&rs=AOn4CLAZUsCFoUnov9qiGPED7DIxEsD9qA,
MUgXDPMWO-I,LES 7 INDICATEURS DU TALENT,https://youtu.be/MUgXDPMWO-I,https://i.ytimg.com/vi/MUgXDPMWO-I/hqdefault.jpg?sqp=-oaymwEbCKgBEF5IVfKriqkDDggBFQAAiEIYAXABwAEG&rs=AOn4CLBKwG97ZKFvuWTf8XSctNx4VjJmqQ,
qzOTRwqlc_w,L'EXO DE L'ANNEE !!!,https://youtu.be/qzOTRwqlc_w,https://i.ytimg.com/vi/qzOTRwqlc_w/hqdefault.jpg?sqp=-oaymwEbCKgBEF5IVfKriqkDDggBFQAAiEIYAXABwAEG&rs=AOn4CLCpuDXuqo2rg05lF5fmJmwkqiA70g,
hJuJzcTxmlY,PINK THE ROOTS - laurent rousseau,https://youtu.be/hJuJzcTxmlY,https://i.ytimg.com/vi/hJuJzcTxmlY/hqdefault.jpg?sqp=-oaymwEbCKgBEF5IVfKriqkDDggBFQAAiEIYAXABwAEG&rs=AOn4CLDIAaIGBB6fXUSZub77Spf1ZrsIbg,
NK6qvmBt5kk,C'EST FINI,https://youtu.be/NK6qvmBt5kk,https://i.ytimg.com/vi/NK6qvmBt5kk/hqdefault.jpg?sqp=-oaymwEbCKgBEF5IVfKriqkDDggBFQAAiEIYAXABwAEG&rs=AOn4CLBghZxNxJwzR2NQDux_06Y4THS88Q,
Pncc9kJfURM,ALVESES AREA - laurent rousseau,https://youtu.be/Pncc9kJfURM,https://i.ytimg.com/vi/Pncc9kJfURM/hqdefault.jpg?sqp=-oaymwEbCKgBEF5IVfKriqkDDggBFQAAiEIYAXABwAEG&rs=AOn4CLA79AYfXylvROmHAGtRiMVZ7Ayg5Q,
aD90jN-J4aE,RIDERS On The STORM à la GUITARE,https://youtu.be/aD90jN-J4aE,https://i.ytimg.com/vi/aD90jN-J4aE/hqdefault.jpg?sqp=-oaymwEbCKgBEF5IVfKriqkDDggBFQAAiEIYAXABwAEG&rs=AOn4CLCl7zKCEkuNdwIZJl8nx3m3C6YKSg,
Z3iyRqbJyxo,LES STAGES DE GUITARE,https://youtu.be/Z3iyRqbJyxo,https://i.ytimg.com/vi/Z3iyRqbJyxo/hqdefault.jpg?sqp=-oaymwEbCKgBEF5IVfKriqkDDggBFQAAiEIYAXABwAEG&rs=AOn4CLD1tBE0xKRDj3ZNfE5cjKz50yq1ZA,
Ub1XVzNZfxg,QUELLES CORDES DE GUITARE ???,https://youtu.be/Ub1XVzNZfxg,https://i.ytimg.com/vi/Ub1XVzNZfxg/hqdefault.jpg?sqp=-oaymwEbCKgBEF5IVfKriqkDDggBFQAAiEIYAXABwAEG&rs=AOn4CLCAjhyoSLHRb24bGTd1xOOQDKupzQ,
MVZ5Czt4TCs,PAT METHENY nous donne une bonne leçon,https://youtu.be/MVZ5Czt4TCs,https://i.ytimg.com/vi/MVZ5Czt4TCs/hqdefault.jpg?sqp=-oaymwEbCKgBEF5IVfKriqkDDggBFQAAiEIYAXABwAEG&rs=AOn4CLAokmy2TPtYSx8xaD1dx7tsHwIp1A,
J0ORuvYm85E,SUPER BEAU et SUPER SIMPLE,https://youtu.be/J0ORuvYm85E,https://i.ytimg.com/vi/J0ORuvYm85E/hqdefault.jpg?sqp=-oaymwEbCKgBEF5IVfKriqkDDggBFQAAiEIYAXABwAEG&rs=AOn4CLDhgXUBpPfKtYZH89Sx9aMUjD51kA,
u0oUHgTtyFM,Démo Ebow - DESERT SUN - laurent rousseau,https://youtu.be/u0oUHgTtyFM,https://i.ytimg.com/vi/u0oUHgTtyFM/hqdefault.jpg?sqp=-oaymwEbCKgBEF5IVfKriqkDDggBFQAAiEIYAXABwAEG&rs=AOn4CLC2LeYFtgmwHkTeFAESOFdThZ1dAA,
K5ckIaXzXQg,MES VIDEOS en FOND VERT,https://youtu.be/K5ckIaXzXQg,https://i.ytimg.com/vi/K5ckIaXzXQg/hqdefault.jpg?sqp=-oaymwEbCKgBEF5IVfKriqkDDggBFQAAiEIYAXABwAEG&rs=AOn4CLAItexZ3pXlAIZ4Oq0oAazv-_HZ4w,
ZOxuXpcTeJs,ASSIMILER UN PLAN - METHODE,https://youtu.be/ZOxuXpcTeJs,https://i.ytimg.com/vi/ZOxuXpcTeJs/hqdefault.jpg?sqp=-oaymwEbCKgBEF5IVfKriqkDDggBFQAAiEIYAXABwAEG&rs=AOn4CLDqFTzsBncvBDJifaF-TXU3gSxbJA,
O0_Zf3sYFEk,JE NE PASSERAI JAMAIS CE PLAN !!!,https://youtu.be/O0_Zf3sYFEk,https://i.ytimg.com/vi/O0_Zf3sYFEk/hqdefault.jpg?sqp=-oaymwEbCKgBEF5IVfKriqkDDggBFQAAiEIYAXABwAEG&rs=AOn4CLDLJ0kAUocTmQRKSfZoxSv1m7-UqA,
2f-vrpiu4FI,7/16 sur 4/4 CHALLENGE POLYMETRIE,https://youtu.be/2f-vrpiu4FI,https://i.ytimg.com/vi/2f-vrpiu4FI/hqdefault.jpg?sqp=-oaymwEbCKgBEF5IVfKriqkDDggBFQAAiEIYAXABwAEG&rs=AOn4CLC9qXay4r0buTCngw019VOmm4wqyg,
WXWY0VpiLhU,RYTHMIQUE JAZZ BLUES DU DESERT,https://youtu.be/WXWY0VpiLhU,https://i.ytimg.com/vi/WXWY0VpiLhU/hqdefault.jpg?sqp=-oaymwEbCKgBEF5IVfKriqkDDggBFQAAiEIYAXABwAEG&rs=AOn4CLD7x86eaLgBLjFFHBoGY6gTawyeaw,
3vEXt8vROeI,1 BLUES - 12 MESURES - 1 TABLATURE,https://youtu.be/3vEXt8vROeI,https://i.ytimg.com/vi/3vEXt8vROeI/hqdefault.jpg?sqp=-oaymwEbCKgBEF5IVfKriqkDDggBFQAAiEIYAXABwAEG&rs=AOn4CLC-BmOhQdV9oshbHt3cDNdY9fVjUw,
jmOEbpsEAGo,Gmaj ou Emin - QUELLE TONALITE ???,https://youtu.be/jmOEbpsEAGo,https://i.ytimg.com/vi/jmOEbpsEAGo/hqdefault.jpg?sqp=-oaymwEbCKgBEF5IVfKriqkDDggBFQAAiEIYAXABwAEG&rs=AOn4CLAjHZMwGffc5zAhW0B6WQoqcZ2hoQ,
TrKH8XJACMM,COMMENT PROGRESSER EN RYTHME ???,https://youtu.be/TrKH8XJACMM,https://i.ytimg.com/vi/TrKH8XJACMM/hqdefault.jpg?sqp=-oaymwEbCKgBEF5IVfKriqkDDggBFQAAiEIYAXABwAEG&rs=AOn4CLD0C3wjcWtXuW9W8-FFAliG7F227g,
AV3Q5dS5LWc,UN SIROP POUR SONNER JAZZ EN 2 SECONDES,https://youtu.be/AV3Q5dS5LWc,https://i.ytimg.com/vi/AV3Q5dS5LWc/hqdefault.jpg?sqp=-oaymwEbCKgBEF5IVfKriqkDDggBFQAAiEIYAXABwAEG&rs=AOn4CLAvVGOLWpqogL1y94v6h_Ph7kKcyQ,
h7k-6znHP4k,J'ANALYSE UN DE MES RIFFS,https://youtu.be/h7k-6znHP4k,https://i.ytimg.com/vi/h7k-6znHP4k/hqdefault.jpg?sqp=-oaymwEbCKgBEF5IVfKriqkDDggBFQAAiEIYAXABwAEG&rs=AOn4CLA8EO-ss-cbIDUctLyzWvek8RJuPQ,
_xte89JmUFM,MON ACCORDAGE PERSO démo,https://youtu.be/_xte89JmUFM,https://i.ytimg.com/vi/_xte89JmUFM/hqdefault.jpg?sqp=-oaymwEbCKgBEF5IVfKriqkDDggBFQAAiEIYAXABwAEG&rs=AOn4CLAbKSA5DhfqPz6sbj-6RwHAGVP_AA,
S_c6nOCrrRc,COMPOSER SANS THEORIE ???,https://youtu.be/S_c6nOCrrRc,https://i.ytimg.com/vi/S_c6nOCrrRc/hqdefault.jpg?sqp=-oaymwEbCKgBEF5IVfKriqkDDggBFQAAiEIYAXABwAEG&rs=AOn4CLDFb9FkgkG99KZS94dZW1Ej_F558g,
GisUG7fvNbA,UN BLUES MODERNE ET AERIEN,https://youtu.be/GisUG7fvNbA,https://i.ytimg.com/vi/GisUG7fvNbA/hqdefault.jpg?sqp=-oaymwEbCKgBEF5IVfKriqkDDggBFQAAiEIYAXABwAEG&rs=AOn4CLCLxYSNrA_A6WLziKQGL6-y4FYPpg,
RfTQIcWQhYc,MON PREMIER TURNAROUND BLUES,https://youtu.be/RfTQIcWQhYc,https://i.ytimg.com/vi/RfTQIcWQhYc/hqdefault.jpg?sqp=-oaymwEbCKgBEF5IVfKriqkDDggBFQAAiEIYAXABwAEG&rs=AOn4CLA4uP46J-2IWyRVzyg6WEpnYvhD1w,
iaB5rIYZ4MA,David FUICZYNSKI et John MEDESKI,https://youtu.be/iaB5rIYZ4MA,https://i.ytimg.com/vi/iaB5rIYZ4MA/hqdefault.jpg?sqp=-oaymwEbCKgBEF5IVfKriqkDDggBFQAAiEIYAXABwAEG&rs=AOn4CLBow4Sii98G-n3pIOFKCnHJNjjWug,
r_fIC5Teguc,Mes ENTRETIENS avec FRED KOPO,https://youtu.be/r_fIC5Teguc,https://i.ytimg.com/vi/r_fIC5Teguc/hqdefault.jpg?sqp=-oaymwEbCKgBEF5IVfKriqkDDggBFQAAiEIYAXABwAEG&rs=AOn4CLCl0wj9HCBLFzYCTNyTSR52kU6x4Q,
nXzghla1pr0,QUE MANQUE T-IL A MON JEU ?,https://youtu.be/nXzghla1pr0,https://i.ytimg.com/vi/nXzghla1pr0/hqdefault.jpg?sqp=-oaymwEbCKgBEF5IVfKriqkDDggBFQAAiEIYAXABwAEG&rs=AOn4CLAtGwUyC_T2xwCfXSDVMyzIPr2FcA,
cxYGCBPwerQ,JOHN MAYER et LA PENTA Majeure,https://youtu.be/cxYGCBPwerQ,https://i.ytimg.com/vi/cxYGCBPwerQ/hqdefault.jpg?sqp=-oaymwEbCKgBEF5IVfKriqkDDggBFQAAiEIYAXABwAEG&rs=AOn4CLCeTXvGbZR1i2sV6GCF6XTr0xHNRA,
R-S1UuJ7h0g,MA SEANCE DE STUDIO Foirée,https://youtu.be/R-S1UuJ7h0g,https://i.ytimg.com/vi/R-S1UuJ7h0g/hqdefault.jpg?sqp=-oaymwEbCKgBEF5IVfKriqkDDggBFQAAiEIYAXABwAEG&rs=AOn4CLAsJk8ue3QadEdmoFGArn_iEL0sPw,
yuACFLh6_5A,BOSSE TON RYTHME,https://youtu.be/yuACFLh6_5A,https://i.ytimg.com/vi/yuACFLh6_5A/hqdefault.jpg?sqp=-oaymwEbCKgBEF5IVfKriqkDDggBFQAAiEIYAXABwAEG&rs=AOn4CLAmgc6188IckDnoi49RHETdguCyCg,
Euna7VQsJSM,JAZZIFIER TES IMPROS avec GEORGE BENSON,https://youtu.be/Euna7VQsJSM,https://i.ytimg.com/vi/Euna7VQsJSM/hqdefault.jpg?sqp=-oaymwEbCKgBEF5IVfKriqkDDggBFQAAiEIYAXABwAEG&rs=AOn4CLDpUv1Bdokf1XhSAx0EBdZ3CJFeGw,
HiQ59vgXJt4,FOULE SENTIMENTALE Pour Looper,https://youtu.be/HiQ59vgXJt4,https://i.ytimg.com/vi/HiQ59vgXJt4/hqdefault.jpg?sqp=-oaymwEbCKgBEF5IVfKriqkDDggBFQAAiEIYAXABwAEG&rs=AOn4CLCSncNnkV8U8vn5P4m6W16b7vRZDw,
XM2ACszNKPU,TON PROBLEME AVEC LES MODES,https://youtu.be/XM2ACszNKPU,https://i.ytimg.com/vi/XM2ACszNKPU/hqdefault.jpg?sqp=-oaymwEbCKgBEF5IVfKriqkDDggBFQAAiEIYAXABwAEG&rs=AOn4CLBQtS_pYYHfQhGD7uSP0sOuolEmEQ,
tadoTe16_KI,TROP Compliqué pour moi !!!,https://youtu.be/tadoTe16_KI,https://i.ytimg.com/vi/tadoTe16_KI/hqdefault.jpg?sqp=-oaymwEbCKgBEF5IVfKriqkDDggBFQAAiEIYAXABwAEG&rs=AOn4CLAzLfH0m7-anBG9VuCYWz8CPE5k9w,
_eCaNwKUh0Y,FAIRE ENTENDRE LES ARPEGES AUTREMENT,https://youtu.be/_eCaNwKUh0Y,https://i.ytimg.com/vi/_eCaNwKUh0Y/hqdefault.jpg?sqp=-oaymwEbCKgBEF5IVfKriqkDDggBFQAAiEIYAXABwAEG&rs=AOn4CLCr_DD7R09zLwWnszMLJbydW6bh0g,
Lf5DsE8PPQc,JE COMPOSE EN DIRECT un truc pour les grands débutants,https://youtu.be/Lf5DsE8PPQc,https://i.ytimg.com/vi/Lf5DsE8PPQc/hqdefault.jpg?sqp=-oaymwEbCKgBEF5IVfKriqkDDggBFQAAiEIYAXABwAEG&rs=AOn4CLDIr7PzHBQs99ZsOHQ4R5ah1_7Htg,
_HkzLX1xR-g,Guitare acoustique improvisation libre,https://youtu.be/_HkzLX1xR-g,https://i.ytimg.com/vi/_HkzLX1xR-g/hqdefault.jpg?sqp=-oaymwEbCKgBEF5IVfKriqkDDggBFQAAiEIYAXABwAEG&rs=AOn4CLDLpoqZYZ2R3RfnIW8ec8qzuAVZrg,
ys_2c7KagxY,EXPRESSIVITE en guitare acoustique,https://youtu.be/ys_2c7KagxY,https://i.ytimg.com/vi/ys_2c7KagxY/hqdefault.jpg?sqp=-oaymwEbCKgBEF5IVfKriqkDDggBFQAAiEIYAXABwAEG&rs=AOn4CLDjfHLzGLmxsI53K79Nwp2nUouqmw,
m0FMxRsL68E,PROBLEME de MAIN DROITE à la guitare,https://youtu.be/m0FMxRsL68E,https://i.ytimg.com/vi/m0FMxRsL68E/hqdefault.jpg?sqp=-oaymwEbCKgBEF5IVfKriqkDDggBFQAAiEIYAXABwAEG&rs=AOn4CLBi-9pY7NTvIhcKnK-rpDURmXW3DA,
TbvdI-TJPwY,GROS RIFF ROCK - Fais peur à tes voisins,https://youtu.be/TbvdI-TJPwY,https://i.ytimg.com/vi/TbvdI-TJPwY/hqdefault.jpg?sqp=-oaymwEbCKgBEF5IVfKriqkDDggBFQAAiEIYAXABwAEG&rs=AOn4CLAfOpCx1tjN4Bbb2Rr5zPCKDy2HNA,
lKtuH4vD6pM,DAVID GILMOUR fait une fausse note,https://youtu.be/lKtuH4vD6pM,https://i.ytimg.com/vi/lKtuH4vD6pM/hqdefault.jpg?sqp=-oaymwEbCKgBEF5IVfKriqkDDggBFQAAiEIYAXABwAEG&rs=AOn4CLA1RKfD5-UgOV3qkurGa8FLb0Zmow,
XvaQEhPe28w,DES STAGES De GUITARE AVEC LO,https://youtu.be/XvaQEhPe28w,https://i.ytimg.com/vi/XvaQEhPe28w/hqdefault.jpg?sqp=-oaymwEbCKgBEF5IVfKriqkDDggBFQAAiEIYAXABwAEG&rs=AOn4CLBIgpg090OMis4o7NMCs1VVUdr-Vw,
3XhwUOe5Nic,RIFF - DEPECHE MODE STYLE,https://youtu.be/3XhwUOe5Nic,https://i.ytimg.com/vi/3XhwUOe5Nic/hqdefault.jpg?sqp=-oaymwEbCKgBEF5IVfKriqkDDggBFQAAiEIYAXABwAEG&rs=AOn4CLDmYNdZ96dWDUkFsQ3Le7urSBcnVg,
HDPM4YClncw,PEUT ON FAIRE ça sur une guitare ?,https://youtu.be/HDPM4YClncw,https://i.ytimg.com/vi/HDPM4YClncw/hqdefault.jpg?sqp=-oaymwEbCKgBEF5IVfKriqkDDggBFQAAiEIYAXABwAEG&rs=AOn4CLBeHt8UPshZl65OSbEONEsIU0J9cg,
PCESq3W2aWM,MA NOUVELLE GUITARE - Loïc Le Pape,https://youtu.be/PCESq3W2aWM,https://i.ytimg.com/vi/PCESq3W2aWM/hqdefault.jpg?sqp=-oaymwEbCKgBEF5IVfKriqkDDggBFQAAiEIYAXABwAEG&rs=AOn4CLCw2XNVRYxnvvrQ8rITre0MoEmZVw,
ChXaEN5Flww,Ma BALANCE Complètement ratée !,https://youtu.be/ChXaEN5Flww,https://i.ytimg.com/vi/ChXaEN5Flww/hqdefault.jpg?sqp=-oaymwEbCKgBEF5IVfKriqkDDggBFQAAiEIYAXABwAEG&rs=AOn4CLCaer7SEsQ9gKpbPfPx7wVdG3Rbbg,
QSQ-MQZMSk8,PENTA Mineure Majeure - DANS LA PRATIQUE,https://youtu.be/QSQ-MQZMSk8,https://i.ytimg.com/vi/QSQ-MQZMSk8/hqdefault.jpg?sqp=-oaymwEbCKgBEF5IVfKriqkDDggBFQAAiEIYAXABwAEG&rs=AOn4CLBPQLtTWNjABwpIDM2uBOwGeKmH-g,
lxMsZkjHLo4,ON SE MET AU TRAVAIL Sur le RYTHME,https://youtu.be/lxMsZkjHLo4,https://i.ytimg.com/vi/lxMsZkjHLo4/hqdefault.jpg?sqp=-oaymwEbCKgBEF5IVfKriqkDDggBFQAAiEIYAXABwAEG&rs=AOn4CLBOMAJp610u_h4h1bODfAEi1r8cxg,
AIyewVtPq_Y,SONNER-en-IMPRO-Vous devez-faire ça,https://youtu.be/AIyewVtPq_Y,https://i.ytimg.com/vi/AIyewVtPq_Y/hqdefault.jpg?sqp=-oaymwEbCKgBEF5IVfKriqkDDggBFQAAiEIYAXABwAEG&rs=AOn4CLA_tkt790AU9_Jx6gLhv_hD8OBvWQ,
8v90m4DsyoI,JOUER LA GAMME RELATIVE ?,https://youtu.be/8v90m4DsyoI,https://i.ytimg.com/vi/8v90m4DsyoI/hqdefault.jpg?sqp=-oaymwEbCKgBEF5IVfKriqkDDggBFQAAiEIYAXABwAEG&rs=AOn4CLAezJkRtHC4w_iMGanONxKFofnWhA,
lsC7fWsq_4A,Lo - IMPRO TOTALE en G,https://youtu.be/lsC7fWsq_4A,https://i.ytimg.com/vi/lsC7fWsq_4A/hqdefault.jpg?sqp=-oaymwEbCKgBEF5IVfKriqkDDggBFQAAiEIYAXABwAEG&rs=AOn4CLCtHELELPv1QvDgRg9mf0R6kaE9fw,
6IVVlrfjO9Q,LES MODES ça sert à rien ?,https://youtu.be/6IVVlrfjO9Q,https://i.ytimg.com/vi/6IVVlrfjO9Q/hqdefault.jpg?sqp=-oaymwEbCKgBEF5IVfKriqkDDggBFQAAiEIYAXABwAEG&rs=AOn4CLC9oGHvEPIvuodLutEfYwnE667RXw,
u9HuHqqHlGc,BOSSE TON GROOVE main droite à la guitare,https://youtu.be/u9HuHqqHlGc,https://i.ytimg.com/vi/u9HuHqqHlGc/hqdefault.jpg?sqp=-oaymwEbCKgBEF5IVfKriqkDDggBFQAAiEIYAXABwAEG&rs=AOn4CLCLcfSbCB7qiNnS_-UAo0y4sBZx8A,
NsHcn6U2gTY,LA BONNE POSITION à la guitare,https://youtu.be/NsHcn6U2gTY,https://i.ytimg.com/vi/NsHcn6U2gTY/hqdefault.jpg?sqp=-oaymwEbCKgBEF5IVfKriqkDDggBFQAAiEIYAXABwAEG&rs=AOn4CLDsRw4NaWoHhW11LyxqOx2VBYjqLQ,
I7p4zKUmvDk,JE ME SUIS FAIT HUMILIER en concert,https://youtu.be/I7p4zKUmvDk,https://i.ytimg.com/vi/I7p4zKUmvDk/hqdefault.jpg?sqp=-oaymwEbCKgBEF5IVfKriqkDDggBFQAAiEIYAXABwAEG&rs=AOn4CLD1gshnatZXx20sygpkkYZpoL4vHA,
MkZeINuEgfQ,ASTUCES POUR VOS COMPOS,https://youtu.be/MkZeINuEgfQ,https://i.ytimg.com/vi/MkZeINuEgfQ/hqdefault.jpg?sqp=-oaymwEbCKgBEF5IVfKriqkDDggBFQAAiEIYAXABwAEG&rs=AOn4CLBlsAhZmQPxy7gC7AD0bekZDyqL5g,
iXmX1sNDdi8,Cover - ENGLISHMAN IN NY - Sting,https://youtu.be/iXmX1sNDdi8,https://i.ytimg.com/vi/iXmX1sNDdi8/hqdefault.jpg?sqp=-oaymwEbCKgBEF5IVfKriqkDDggBFQAAiEIYAXABwAEG&rs=AOn4CLDY0bJsXM_LGny6MVpFecjNbCDssQ,
Kk8rjqHQUCo,NE FAITES PAS CET ACCORD,https://youtu.be/Kk8rjqHQUCo,https://i.ytimg.com/vi/Kk8rjqHQUCo/hqdefault.jpg?sqp=-oaymwEbCKgBEF5IVfKriqkDDggBFQAAiEIYAXABwAEG&rs=AOn4CLBd8UuzCq2zPF__WpbCqsts8UFTIA,
hE7UvADFR_8,BRUTE PAPILLON - Tortore Di Parma - Laurent Rousseau,https://youtu.be/hE7UvADFR_8,https://i.ytimg.com/vi/hE7UvADFR_8/hqdefault.jpg?sqp=-oaymwE1CKgBEF5IVfKriqkDKAgBFQAAiEIYAXABwAEG8AEB-AH-CYAC0AWKAgwIABABGGUgZShlMA8=&rs=AOn4CLDS7EK-bG_n4WZ0oMYsiEje6z0deA,
lt1iGbJdtSI,APPRENEZ CES PHRASES,https://youtu.be/lt1iGbJdtSI,https://i.ytimg.com/vi/lt1iGbJdtSI/hqdefault.jpg?sqp=-oaymwEbCKgBEF5IVfKriqkDDggBFQAAiEIYAXABwAEG&rs=AOn4CLANHxfKm1fCLhPh7KKTaMCrrNIQDQ,
GYZTPTdktn0,FAUX TRITONS DANS LE BLUES,https://youtu.be/GYZTPTdktn0,https://i.ytimg.com/vi/GYZTPTdktn0/hqdefault.jpg?sqp=-oaymwEbCKgBEF5IVfKriqkDDggBFQAAiEIYAXABwAEG&rs=AOn4CLCCcRqNcuJrfY9s3zIvIDibeW2MUg,
Sn0g4e5qwY4,VIDEOS YOUTUBE - Mon Top 10,https://youtu.be/Sn0g4e5qwY4,https://i.ytimg.com/vi/Sn0g4e5qwY4/hqdefault.jpg?sqp=-oaymwEbCKgBEF5IVfKriqkDDggBFQAAiEIYAXABwAEG&rs=AOn4CLDBp_R8wZyazH4YrD7NvqU_1tFVag,
b5YXr-ND1DE,MON GROUPE a splité !,https://youtu.be/b5YXr-ND1DE,https://i.ytimg.com/vi/b5YXr-ND1DE/hqdefault.jpg?sqp=-oaymwEbCKgBEF5IVfKriqkDDggBFQAAiEIYAXABwAEG&rs=AOn4CLCUY4J_3jok4FGWEMCwOrdD6PXiiA,
GR871h7w9GA,FAIS CE TEST RYTHMIQUE,https://youtu.be/GR871h7w9GA,https://i.ytimg.com/vi/GR871h7w9GA/hqdefault.jpg?sqp=-oaymwEbCKgBEF5IVfKriqkDDggBFQAAiEIYAXABwAEG&rs=AOn4CLDVsFrLRvyucXemCb12yF8HflRpKg,
AVEPjJP6FC8,METALLICA - Nothing Else Matters - Cover Simplifiée,https://youtu.be/AVEPjJP6FC8,https://i.ytimg.com/vi/AVEPjJP6FC8/hqdefault.jpg?sqp=-oaymwEbCKgBEF5IVfKriqkDDggBFQAAiEIYAXABwAEG&rs=AOn4CLBB0lzWQfGM-aU1ou0H6pLZyn1n1g,
YKJOhSmf01o,JOUER AVEC UNE SEULE MAIN à la guitare,https://youtu.be/YKJOhSmf01o,https://i.ytimg.com/vi/YKJOhSmf01o/hqdefault.jpg?sqp=-oaymwEbCKgBEF5IVfKriqkDDggBFQAAiEIYAXABwAEG&rs=AOn4CLBiD10O9huvIObaDioM5OwY-xSppQ,
p1dGLUUgb38,GUITARE ACOUSTIQUE HORS NORME,https://youtu.be/p1dGLUUgb38,https://i.ytimg.com/vi/p1dGLUUgb38/hqdefault.jpg?sqp=-oaymwEbCKgBEF5IVfKriqkDDggBFQAAiEIYAXABwAEG&rs=AOn4CLDV22IFZg-0FWlCe211iMvaD7gbjw,
gZzOO_-e9aY,GUITARE - QUOI TRAVAILLER ?,https://youtu.be/gZzOO_-e9aY,https://i.ytimg.com/vi/gZzOO_-e9aY/hqdefault.jpg?sqp=-oaymwEbCKgBEF5IVfKriqkDDggBFQAAiEIYAXABwAEG&rs=AOn4CLArZfJ2v27DQW59jeabbAuZqfkQyA,
n73KZEziimY,MA NOUVELLE PEDALE FUZZ - Feed Me - Anasounds,https://youtu.be/n73KZEziimY,https://i.ytimg.com/vi/n73KZEziimY/hqdefault.jpg?sqp=-oaymwEbCKgBEF5IVfKriqkDDggBFQAAiEIYAXABwAEG&rs=AOn4CLB2trz0k6y6sL0fU9Qn0JNYt9lxCA,
j38_ru-5wgk,J'arrête la guitare !,https://youtu.be/j38_ru-5wgk,https://i.ytimg.com/vi/j38_ru-5wgk/hqdefault.jpg?sqp=-oaymwEbCKgBEF5IVfKriqkDDggBFQAAiEIYAXABwAEG&rs=AOn4CLD9QdClqGMs1fAW6ryb4-hXqQxPsQ,
Cao1c4UZmws,IL N'Y A PAS QU'UNE BLUE NOTE !,https://youtu.be/Cao1c4UZmws,https://i.ytimg.com/vi/Cao1c4UZmws/hqdefault.jpg?sqp=-oaymwEbCKgBEF5IVfKriqkDDggBFQAAiEIYAXABwAEG&rs=AOn4CLA1ujbe6qpxmVa4NxsW7yuPZ7Lxug,
zC03RaAnvDU,David GILMOUR - 5 PLANS analysés,https://youtu.be/zC03RaAnvDU,https://i.ytimg.com/vi/zC03RaAnvDU/hqdefault.jpg?sqp=-oaymwEbCKgBEF5IVfKriqkDDggBFQAAiEIYAXABwAEG&rs=AOn4CLAjC7eHNbWYk0_W8pOOWBy5GV4KfQ,
P1aM79nEwc4,LA MINUTE DU MELOMANE #69 - Suzanne VEGA,https://youtu.be/P1aM79nEwc4,https://i.ytimg.com/vi/P1aM79nEwc4/hqdefault.jpg?sqp=-oaymwEbCKgBEF5IVfKriqkDDggBFQAAiEIYAXABwAEG&rs=AOn4CLCqtYLg7NpkrH8SgYhcpfPt8snpZQ,
V86SqAojCyM,GUITARE TROP GRANDE ?,https://youtu.be/V86SqAojCyM,https://i.ytimg.com/vi/V86SqAojCyM/hqdefault.jpg?sqp=-oaymwEbCKgBEF5IVfKriqkDDggBFQAAiEIYAXABwAEG&rs=AOn4CLAFn7t-xCkd1IdNVY0S5Cie22zwyA,
9jDvHSikpEs,2 ASTUCES pour COMPOSER en LYDIEN,https://youtu.be/9jDvHSikpEs,https://i.ytimg.com/vi/9jDvHSikpEs/hqdefault.jpg?sqp=-oaymwEbCKgBEF5IVfKriqkDDggBFQAAiEIYAXABwAEG&rs=AOn4CLDaqMT6zgwT2TMYvmDkfQ3LdBR-6g,
7A9_3UFyVIM,STAND BY ME - 5 versions pour DEBUTANT,https://youtu.be/7A9_3UFyVIM,https://i.ytimg.com/vi/7A9_3UFyVIM/hqdefault.jpg?sqp=-oaymwEbCKgBEF5IVfKriqkDDggBFQAAiEIYAXABwAEG&rs=AOn4CLD74Hgs3ivIe6jR1ZbQ0E_DENJPMQ,
EwhmlEbQ7bQ,BACKING TRACK - (E) TULSA BLUES 100bpm,https://youtu.be/EwhmlEbQ7bQ,https://i.ytimg.com/vi/EwhmlEbQ7bQ/hqdefault.jpg?sqp=-oaymwE1CKgBEF5IVfKriqkDKAgBFQAAiEIYAXABwAEG8AEB-AH-CYAC0AWKAgwIABABGGUgUShNMA8=&rs=AOn4CLATWoXBYlttDy8zBVjGLxJOwSAY6w,
LHJBOwketV0,DONNE GUITARE,https://youtu.be/LHJBOwketV0,https://i.ytimg.com/vi/LHJBOwketV0/hqdefault.jpg?sqp=-oaymwEbCKgBEF5IVfKriqkDDggBFQAAiEIYAXABwAEG&rs=AOn4CLCpfgPiKSBUjtH4p-mg0qMZOo_QKA,
RrdIV68HST8,INITIATION au Phrasé #1-PLAN à la George BENSON,https://youtu.be/RrdIV68HST8,https://i.ytimg.com/vi/RrdIV68HST8/hqdefault.jpg?sqp=-oaymwEbCKgBEF5IVfKriqkDDggBFQAAiEIYAXABwAEG&rs=AOn4CLCR0RcWKkv16AES9n1QRiIX9OvnKA,
Uel7l_JH-gE,FAIRE ENTENDRE LES MODES DANS LE BLUES #1,https://youtu.be/Uel7l_JH-gE,https://i.ytimg.com/vi/Uel7l_JH-gE/hqdefault.jpg?sqp=-oaymwEbCKgBEF5IVfKriqkDDggBFQAAiEIYAXABwAEG&rs=AOn4CLDl-RTwdwsUD1CJ9jZYQD_hYrWxBA,
eWbOACwbtMA,LA MINUTE DU MELOMANE #68 - LEVEL 42,https://youtu.be/eWbOACwbtMA,https://i.ytimg.com/vi/eWbOACwbtMA/hqdefault.jpg?sqp=-oaymwEbCKgBEF5IVfKriqkDDggBFQAAiEIYAXABwAEG&rs=AOn4CLDSi-B-Loq3FYIKhmBYP-DXMe-OwQ,
fCUtwlsZPRc,BACKING TRACK - A BLUES - 95bpm,https://youtu.be/fCUtwlsZPRc,https://i.ytimg.com/vi/fCUtwlsZPRc/hqdefault.jpg?sqp=-oaymwE1CKgBEF5IVfKriqkDKAgBFQAAiEIYAXABwAEG8AEB-AH-CYAC0AWKAgwIABABGHIgSCg3MA8=&rs=AOn4CLBsG52iKDyt8u3GjMsygUtQaOFs7w,
dgP66uMEhuA,COMMENT TRAVAILLER LE RYTHME ?,https://youtu.be/dgP66uMEhuA,https://i.ytimg.com/vi/dgP66uMEhuA/hqdefault.jpg?sqp=-oaymwEbCKgBEF5IVfKriqkDDggBFQAAiEIYAXABwAEG&rs=AOn4CLD61tOPXjynFv-mORCVh2nGZSps8Q,
JO_W9bHG3ko,Des ACCORDS plus beaux et plus faciles a la guitare,https://youtu.be/JO_W9bHG3ko,https://i.ytimg.com/vi/JO_W9bHG3ko/hqdefault.jpg?sqp=-oaymwEbCKgBEF5IVfKriqkDDggBFQAAiEIYAXABwAEG&rs=AOn4CLC_iMsjP9oQfAyeZeXo8nquJsom3g,
xYdOFOdRsAE,Scott HENDERSON STYLE,https://youtu.be/xYdOFOdRsAE,https://i.ytimg.com/vi/xYdOFOdRsAE/hqdefault.jpg?sqp=-oaymwEbCKgBEF5IVfKriqkDDggBFQAAiEIYAXABwAEG&rs=AOn4CLCpAn_J7LrlkxSKC7SuIm-CM6Sc1Q,
LX4KAnMaGQs,MERCI SPECIAL à un abonné,https://youtu.be/LX4KAnMaGQs,https://i.ytimg.com/vi/LX4KAnMaGQs/hqdefault.jpg?sqp=-oaymwEbCKgBEF5IVfKriqkDDggBFQAAiEIYAXABwAEG&rs=AOn4CLCvBIxY189Kwd2GAzargMv-Tj1xgw,
pbNqEkEF4jk,IMPROVISER BLUES avec DORIEN et MIXOLYDIEN,https://youtu.be/pbNqEkEF4jk,https://i.ytimg.com/vi/pbNqEkEF4jk/hqdefault.jpg?sqp=-oaymwEbCKgBEF5IVfKriqkDDggBFQAAiEIYAXABwAEG&rs=AOn4CLAO2ZN8SCLI_HtRY6FLjw9bbnbgKQ,
_5C39cQ5zmk,PLANS COUNTRY EN SIXTES à la guitare,https://youtu.be/_5C39cQ5zmk,https://i.ytimg.com/vi/_5C39cQ5zmk/hqdefault.jpg?sqp=-oaymwEbCKgBEF5IVfKriqkDDggBFQAAiEIYAXABwAEG&rs=AOn4CLDvMcx6BaD2NhD1ETLq523EORMxTw,
OGeIT_v4kGk,LA MINUTE DU MELOMANE #67 - XIXA,https://youtu.be/OGeIT_v4kGk,https://i.ytimg.com/vi/OGeIT_v4kGk/hqdefault.jpg?sqp=-oaymwEbCKgBEF5IVfKriqkDDggBFQAAiEIYAXABwAEG&rs=AOn4CLBqqmzms2JnCDERWT0NPUEgnHxOoQ,
2pmIZYxPj0s,UNE NOUVELLE FORMATION,https://youtu.be/2pmIZYxPj0s,https://i.ytimg.com/vi/2pmIZYxPj0s/hqdefault.jpg?sqp=-oaymwEbCKgBEF5IVfKriqkDDggBFQAAiEIYAXABwAEG&rs=AOn4CLD9V73JgppnLyunH-2V7YAmfe9dGw,
a76uc7oxP1M,PLANS OUT en TRIADES,https://youtu.be/a76uc7oxP1M,https://i.ytimg.com/vi/a76uc7oxP1M/hqdefault.jpg?sqp=-oaymwEbCKgBEF5IVfKriqkDDggBFQAAiEIYAXABwAEG&rs=AOn4CLAMcdcKzS3SwFEEXepBwvYB33KTdw,
uw1VrjT6DsQ,LE PREMIER SECRET DU GROOVE,https://youtu.be/uw1VrjT6DsQ,https://i.ytimg.com/vi/uw1VrjT6DsQ/hqdefault.jpg?sqp=-oaymwEbCKgBEF5IVfKriqkDDggBFQAAiEIYAXABwAEG&rs=AOn4CLAaDsneyXa-PRbzoFOsm32_5-kt8A,
sK9isim5P0Y,laurent rousseau - IMPRO libre 30 10 21,https://youtu.be/sK9isim5P0Y,https://i.ytimg.com/vi/sK9isim5P0Y/hqdefault.jpg?sqp=-oaymwEbCKgBEF5IVfKriqkDDggBFQAAiEIYAXABwAEG&rs=AOn4CLC-yGFdncGuJSI-F4kaJND4ubu96A,
Zs2zW5ki2es,CERVEAU et GUITARE,https://youtu.be/Zs2zW5ki2es,https://i.ytimg.com/vi/Zs2zW5ki2es/hqdefault.jpg?sqp=-oaymwEbCKgBEF5IVfKriqkDDggBFQAAiEIYAXABwAEG&rs=AOn4CLAO-V4aq0MojBGXLu5I2RtTrcP8Cw,
miJBjmmnmBE,PLAN CHROMATIQUE - BLUES JAZZ,https://youtu.be/miJBjmmnmBE,https://i.ytimg.com/vi/miJBjmmnmBE/hqdefault.jpg?sqp=-oaymwEbCKgBEF5IVfKriqkDDggBFQAAiEIYAXABwAEG&rs=AOn4CLB4FNDqmj78S4C_zd6_5G9Sb-mhFg,
kd3HCcbRnWk,Très beau MORCEAU - DEBUTANT GUITARE,https://youtu.be/kd3HCcbRnWk,https://i.ytimg.com/vi/kd3HCcbRnWk/hqdefault.jpg?sqp=-oaymwEbCKgBEF5IVfKriqkDDggBFQAAiEIYAXABwAEG&rs=AOn4CLDcEPt9etdxqO31Sx0VB_6vzsPlrw,
RGFN_BHR4Jo,BIOMECANIQUE ET GUITARE,https://youtu.be/RGFN_BHR4Jo,https://i.ytimg.com/vi/RGFN_BHR4Jo/hqdefault.jpg?sqp=-oaymwEbCKgBEF5IVfKriqkDDggBFQAAiEIYAXABwAEG&rs=AOn4CLB5tky9uysk3J-r7jM5vXZ__QzUVw,
OQpN3Jj7mcQ,J'AI UNE IDEE ...,https://youtu.be/OQpN3Jj7mcQ,https://i.ytimg.com/vi/OQpN3Jj7mcQ/hqdefault.jpg?sqp=-oaymwEbCKgBEF5IVfKriqkDDggBFQAAiEIYAXABwAEG&rs=AOn4CLBm246-kfaF-b7e2hWJ6-hHvKjKPA,
_TlaK2lSeLI,GROS RIFF FACILE à la guitare,https://youtu.be/_TlaK2lSeLI,https://i.ytimg.com/vi/_TlaK2lSeLI/hqdefault.jpg?sqp=-oaymwEbCKgBEF5IVfKriqkDDggBFQAAiEIYAXABwAEG&rs=AOn4CLBWJYxGaB6C_c5R16Ujw4fq2i5UDw,
MwAgBNAwgBU,TECHNIQUE HYBRIDE - Médiator + Doigts,https://youtu.be/MwAgBNAwgBU,https://i.ytimg.com/vi/MwAgBNAwgBU/hqdefault.jpg?sqp=-oaymwEbCKgBEF5IVfKriqkDDggBFQAAiEIYAXABwAEG&rs=AOn4CLCzWhzVVi9HSTWaSbOlj-kFJY7nBQ,
lp_UG7GdfAg,La MINUTE DU MELOMANE #66 - TALK TALK,https://youtu.be/lp_UG7GdfAg,https://i.ytimg.com/vi/lp_UG7GdfAg/hqdefault.jpg?sqp=-oaymwEbCKgBEF5IVfKriqkDDggBFQAAiEIYAXABwAEG&rs=AOn4CLDrrHZcjBsbVUM6DFjG0Mfn-oPPVg,
Uxe6GAWMmeU,LE PROBLEME de 50% des GUITARISTES,https://youtu.be/Uxe6GAWMmeU,https://i.ytimg.com/vi/Uxe6GAWMmeU/hqdefault.jpg?sqp=-oaymwEbCKgBEF5IVfKriqkDDggBFQAAiEIYAXABwAEG&rs=AOn4CLB6Xy3XxFz09zgVyNFTbAGr6GvNfA,
-p_-bjqXq4Q,EXERCICE D'INDEPENDANCE GUITARE,https://youtu.be/-p_-bjqXq4Q,https://i.ytimg.com/vi/-p_-bjqXq4Q/hqdefault.jpg?sqp=-oaymwEbCKgBEF5IVfKriqkDDggBFQAAiEIYAXABwAEG&rs=AOn4CLDghNhuaJgzcuuSH-FkxhO7t8m38g,
w9puz8NgWoY,3 MARBLENECKS à GAGNER,https://youtu.be/w9puz8NgWoY,https://i.ytimg.com/vi/w9puz8NgWoY/hqdefault.jpg?sqp=-oaymwEbCKgBEF5IVfKriqkDDggBFQAAiEIYAXABwAEG&rs=AOn4CLDpdbnqfSdpyKkA-UFlP48dyDdtsA,
HfA0I_18jAQ,UN CLEAN BOOST - POUR QUOI FAIRE ?,https://youtu.be/HfA0I_18jAQ,https://i.ytimg.com/vi/HfA0I_18jAQ/hqdefault.jpg?sqp=-oaymwEbCKgBEF5IVfKriqkDDggBFQAAiEIYAXABwAEG&rs=AOn4CLD33ixyLRU99rgQkV0i3gQyYOVa6g,
Xnr5jO5i3eM,TECHNIQUES MAIN DROITE à la GUITARE,https://youtu.be/Xnr5jO5i3eM,https://i.ytimg.com/vi/Xnr5jO5i3eM/hqdefault.jpg?sqp=-oaymwEbCKgBEF5IVfKriqkDDggBFQAAiEIYAXABwAEG&rs=AOn4CLDu3gYHOz0DztUz8u0WP3EfjbVcxw,
SjYCXgRdgmo,RIFF GUITARE - Fais peur a ta grand mère,https://youtu.be/SjYCXgRdgmo,https://i.ytimg.com/vi/SjYCXgRdgmo/hqdefault.jpg?sqp=-oaymwEbCKgBEF5IVfKriqkDDggBFQAAiEIYAXABwAEG&rs=AOn4CLBIqyE2PLGTMNqz4oJff-xs4QIYSA,
J3-UoIJQc5E,POURQUOI CES 2 NOTES ?,https://youtu.be/J3-UoIJQc5E,https://i.ytimg.com/vi/J3-UoIJQc5E/hqdefault.jpg?sqp=-oaymwEbCKgBEF5IVfKriqkDDggBFQAAiEIYAXABwAEG&rs=AOn4CLD5t-mnj1rD3v40TwTHccy9XbQITg,
WJ8EFC28xDM,La MINUTE du MELOMANE #65 - STING,https://youtu.be/WJ8EFC28xDM,https://i.ytimg.com/vi/WJ8EFC28xDM/hqdefault.jpg?sqp=-oaymwEbCKgBEF5IVfKriqkDDggBFQAAiEIYAXABwAEG&rs=AOn4CLAmzZSDvgydYn48Z8bO9JV0BuoPOA,
md9zpeDftdk,SUPER EXERCICE à la GUITARE,https://youtu.be/md9zpeDftdk,https://i.ytimg.com/vi/md9zpeDftdk/hqdefault.jpg?sqp=-oaymwEbCKgBEF5IVfKriqkDDggBFQAAiEIYAXABwAEG&rs=AOn4CLCLOsAor7u8j4n73JETwSjDRRE3Hg,
p1TlvMp_Z2k,COMPOSEZ DES BLUES à volonté,https://youtu.be/p1TlvMp_Z2k,https://i.ytimg.com/vi/p1TlvMp_Z2k/hqdefault.jpg?sqp=-oaymwEbCKgBEF5IVfKriqkDDggBFQAAiEIYAXABwAEG&rs=AOn4CLAWh8I-Gj_UjBfpb5NuBTMDhNj7Ug,
FNXZHsqhV2E,La Tonalité,https://youtu.be/FNXZHsqhV2E,https://i.ytimg.com/vi/FNXZHsqhV2E/hqdefault.jpg?sqp=-oaymwEbCKgBEF5IVfKriqkDDggBFQAAiEIYAXABwAEG&rs=AOn4CLAOuY6TSTS3UaGcMAcG_E09tZjLjQ,
RX-oD4gr5mU,UNE CHANSON SUPER FACILE ET BELLE à la guitare,https://youtu.be/RX-oD4gr5mU,https://i.ytimg.com/vi/RX-oD4gr5mU/hqdefault.jpg?sqp=-oaymwEbCKgBEF5IVfKriqkDDggBFQAAiEIYAXABwAEG&rs=AOn4CLCrL6FbUyGRGqtIgFIe2iUCa-KJHA,
4ImwaFC5Edc,Mes Amitiés à Frank ZAPPA,https://youtu.be/4ImwaFC5Edc,https://i.ytimg.com/vi/4ImwaFC5Edc/hqdefault.jpg?sqp=-oaymwEbCKgBEF5IVfKriqkDDggBFQAAiEIYAXABwAEG&rs=AOn4CLAsXn7NFF2nFgpnU6WUT9THNJQLeQ,
L40FGJ_hDGI,CONCOURS POUR GUITARISTE DETECTIVE,https://youtu.be/L40FGJ_hDGI,https://i.ytimg.com/vi/L40FGJ_hDGI/hqdefault.jpg?sqp=-oaymwEbCKgBEF5IVfKriqkDDggBFQAAiEIYAXABwAEG&rs=AOn4CLB8I5X9hbPnBLN1S9NQLF1uNlO2_A,
XU-87xIN0dU,4 NIVEAUX - 4 Séries - 4 PDFs,https://youtu.be/XU-87xIN0dU,https://i.ytimg.com/vi/XU-87xIN0dU/hqdefault.jpg?sqp=-oaymwEbCKgBEF5IVfKriqkDDggBFQAAiEIYAXABwAEG&rs=AOn4CLAIb4cAQlzHQdZin3mtFD57Ir30SQ,
sQgcIkKMSkg,IMPRO libre - laurent rousseau - 23 10 21,https://youtu.be/sQgcIkKMSkg,https://i.ytimg.com/vi/sQgcIkKMSkg/hqdefault.jpg?sqp=-oaymwEbCKgBEF5IVfKriqkDDggBFQAAiEIYAXABwAEG&rs=AOn4CLCbV82sH6z3nTiO95q3P6CMr-AtiQ,
uEvZlLvS7bc,UN EXERCICE RAPIDE à faire partout,https://youtu.be/uEvZlLvS7bc,https://i.ytimg.com/vi/uEvZlLvS7bc/hqdefault.jpg?sqp=-oaymwEbCKgBEF5IVfKriqkDDggBFQAAiEIYAXABwAEG&rs=AOn4CLCjo-C2wJDwNOfUcCc-xT_XSLXhVA,
7efRhkfCVww,PLEIN DE CADEAUX de LO,https://youtu.be/7efRhkfCVww,https://i.ytimg.com/vi/7efRhkfCVww/hqdefault.jpg?sqp=-oaymwEbCKgBEF5IVfKriqkDDggBFQAAiEIYAXABwAEG&rs=AOn4CLBnX1BRJJXGf84HNRDuW1iurxxa3g,
7GR99Ksx0-Q,GROOVE - Fais danser mémé dans la cuisine,https://youtu.be/7GR99Ksx0-Q,https://i.ytimg.com/vi/7GR99Ksx0-Q/hqdefault.jpg?sqp=-oaymwEbCKgBEF5IVfKriqkDDggBFQAAiEIYAXABwAEG&rs=AOn4CLCQWWhB8KeMzYDjOs9GhqoneXn82Q,
e_qB81PhVEg,ACCORDER VOTRE GUITARE EN PENTA ?,https://youtu.be/e_qB81PhVEg,https://i.ytimg.com/vi/e_qB81PhVEg/hqdefault.jpg?sqp=-oaymwEbCKgBEF5IVfKriqkDDggBFQAAiEIYAXABwAEG&rs=AOn4CLCf9sMQDrgqf2Pw1v7pCIyIFjtMvw,
yoqmIYT4274,RIFF FUNK-BLUES,https://youtu.be/yoqmIYT4274,https://i.ytimg.com/vi/yoqmIYT4274/hqdefault.jpg?sqp=-oaymwEbCKgBEF5IVfKriqkDDggBFQAAiEIYAXABwAEG&rs=AOn4CLDEGPOqj9DK21cN5YnvME_xQ3fZSg,
Jpsl5KeGBJ0,CADENCE en DORIEN,https://youtu.be/Jpsl5KeGBJ0,https://i.ytimg.com/vi/Jpsl5KeGBJ0/hqdefault.jpg?sqp=-oaymwEbCKgBEF5IVfKriqkDDggBFQAAiEIYAXABwAEG&rs=AOn4CLAq57Nn8Pd_7ekrDwaAmSJhy-a_FA,
-A9lLkisqtQ,POSITION PENTAS - La vraie raison !!!,https://youtu.be/-A9lLkisqtQ,https://i.ytimg.com/vi/-A9lLkisqtQ/hqdefault.jpg?sqp=-oaymwEbCKgBEF5IVfKriqkDDggBFQAAiEIYAXABwAEG&rs=AOn4CLC5ijxuBnyEGFNOHMvB2hyNHfw2zw,
9JQvI_vchZQ,CONCOURS - 3 MARBLENECKS à GAGNER,https://youtu.be/9JQvI_vchZQ,https://i.ytimg.com/vi/9JQvI_vchZQ/hqdefault.jpg?sqp=-oaymwEbCKgBEF5IVfKriqkDDggBFQAAiEIYAXABwAEG&rs=AOn4CLC8T5ld0lYn-CaoyTCM2WWyTcwalw,
_UpTI4NXXdM,FAITES CET EXERCICE DE RYTHME,https://youtu.be/_UpTI4NXXdM,https://i.ytimg.com/vi/_UpTI4NXXdM/hqdefault.jpg?sqp=-oaymwEbCKgBEF5IVfKriqkDDggBFQAAiEIYAXABwAEG&rs=AOn4CLDTFU23dFOGP-nCZhpg_k_1dUvdrQ,
xCt1l6-_yhA,RECONNAITRE LE  MODE EOLIEN à l'oreille,https://youtu.be/xCt1l6-_yhA,https://i.ytimg.com/vi/xCt1l6-_yhA/hqdefault.jpg?sqp=-oaymwEbCKgBEF5IVfKriqkDDggBFQAAiEIYAXABwAEG&rs=AOn4CLATcBsE2tl9p3aOxJbd_qNS7jhC6Q,
DF4f31dI-mg,CHILL BLUES guitare et notes cibles,https://youtu.be/DF4f31dI-mg,https://i.ytimg.com/vi/DF4f31dI-mg/hqdefault.jpg?sqp=-oaymwEbCKgBEF5IVfKriqkDDggBFQAAiEIYAXABwAEG&rs=AOn4CLCRqUbDKuuOoYoratNCIbeF-mGExw,
M0H9V_vhFxs,NE JOUEZ PAS MAJEUR Sur un accord MAJEUR !,https://youtu.be/M0H9V_vhFxs,https://i.ytimg.com/vi/M0H9V_vhFxs/hqdefault.jpg?sqp=-oaymwEbCKgBEF5IVfKriqkDDggBFQAAiEIYAXABwAEG&rs=AOn4CLDt1a_aAV8_MdHDVldRw_xqa2POjQ,
8QdXPMiRfNs,UN SEUL EXERCICE,https://youtu.be/8QdXPMiRfNs,https://i.ytimg.com/vi/8QdXPMiRfNs/hqdefault.jpg?sqp=-oaymwEbCKgBEF5IVfKriqkDDggBFQAAiEIYAXABwAEG&rs=AOn4CLB3lRF7ELS4NZOsENEHmPXLOm0m5g,
LSzWugq_mXA,COMMENT UTILISER L'ACCORD AUGMENTE ?,https://youtu.be/LSzWugq_mXA,https://i.ytimg.com/vi/LSzWugq_mXA/hqdefault.jpg?sqp=-oaymwEbCKgBEF5IVfKriqkDDggBFQAAiEIYAXABwAEG&rs=AOn4CLCXKAO66TtUnxhBEgKyED0XMYsbbg,
zckXM2c_wUA,IMPRO BLUES-JAZZ ARPEGES,https://youtu.be/zckXM2c_wUA,https://i.ytimg.com/vi/zckXM2c_wUA/hqdefault.jpg?sqp=-oaymwEbCKgBEF5IVfKriqkDDggBFQAAiEIYAXABwAEG&rs=AOn4CLAZyloujINTh96vwbXb8elnRGv-YQ,
lroKnsTcoJQ,DOUBLE STOP DORIEN,https://youtu.be/lroKnsTcoJQ,https://i.ytimg.com/vi/lroKnsTcoJQ/hqdefault.jpg?sqp=-oaymwEbCKgBEF5IVfKriqkDDggBFQAAiEIYAXABwAEG&rs=AOn4CLAp2na2-nW45X6Z4Y4IJHe7_T_qIw,
1H-pVxlw474,13 CHANSONS MAGIQUES  pour DEBUTANT,https://youtu.be/1H-pVxlw474,https://i.ytimg.com/vi/1H-pVxlw474/hqdefault.jpg?sqp=-oaymwEbCKgBEF5IVfKriqkDDggBFQAAiEIYAXABwAEG&rs=AOn4CLA3Jb93p3rfJmeGy7vw7igN-f49sg,
5rKRoPB9PiQ,TRAVAILLER L EXPRESSIVITE à la GUITARE,https://youtu.be/5rKRoPB9PiQ,https://i.ytimg.com/vi/5rKRoPB9PiQ/hqdefault.jpg?sqp=-oaymwEbCKgBEF5IVfKriqkDDggBFQAAiEIYAXABwAEG&rs=AOn4CLDTgxyFOfN2FARstdAhA66zz8oWzw,
2HNW6IDMgMc,POUR MES COPAINS,https://youtu.be/2HNW6IDMgMc,https://i.ytimg.com/vi/2HNW6IDMgMc/hqdefault.jpg?sqp=-oaymwEbCKgBEF5IVfKriqkDDggBFQAAiEIYAXABwAEG&rs=AOn4CLCJfD4r05GeXYStG7QCYfsOmwjHkA,
1w4Ljqx8TYo,DOULEURS D'AVANT BRAS et guitare,https://youtu.be/1w4Ljqx8TYo,https://i.ytimg.com/vi/1w4Ljqx8TYo/hqdefault.jpg?sqp=-oaymwEbCKgBEF5IVfKriqkDDggBFQAAiEIYAXABwAEG&rs=AOn4CLBC-8CkxbHGooiyo4e5V2-uzST3EQ,
Onyp-clA4SM,Règle tes PROBLEMES DE RYTHME,https://youtu.be/Onyp-clA4SM,https://i.ytimg.com/vi/Onyp-clA4SM/hqdefault.jpg?sqp=-oaymwEbCKgBEF5IVfKriqkDDggBFQAAiEIYAXABwAEG&rs=AOn4CLAqjNEel64owAyxKVe-6yHAmNLa8A,
xlqwEwZIzt8,Le SON BLUES - Mes réglages,https://youtu.be/xlqwEwZIzt8,https://i.ytimg.com/vi/xlqwEwZIzt8/hqdefault.jpg?sqp=-oaymwEbCKgBEF5IVfKriqkDDggBFQAAiEIYAXABwAEG&rs=AOn4CLAgbRnjQXowrkWmeize3D84AyyBQA,
nkxZEK1Mz64,RIFF BLUES en 5/4 yeah ! cool !,https://youtu.be/nkxZEK1Mz64,https://i.ytimg.com/vi/nkxZEK1Mz64/hqdefault.jpg?sqp=-oaymwEbCKgBEF5IVfKriqkDDggBFQAAiEIYAXABwAEG&rs=AOn4CLAyE0vzeWOkTAXm8XRApfivqvh6Nw,
1m-q9PMUc94,TECHNIQUE BENDS haut ou bas ?,https://youtu.be/1m-q9PMUc94,https://i.ytimg.com/vi/1m-q9PMUc94/hqdefault.jpg?sqp=-oaymwEbCKgBEF5IVfKriqkDDggBFQAAiEIYAXABwAEG&rs=AOn4CLAar6USxzmZ6dgO9-UPG1vKwuaRKg,
4Ok0ft8RaJU,EXERCICES - PROBLEMES de RYTHME,https://youtu.be/4Ok0ft8RaJU,https://i.ytimg.com/vi/4Ok0ft8RaJU/hqdefault.jpg?sqp=-oaymwEbCKgBEF5IVfKriqkDDggBFQAAiEIYAXABwAEG&rs=AOn4CLC-i2vuP9HvrCNwwiyviD_FRVc8TA,
VYYCzGspLS4,COMMENT SE SERVIR DES INTERVALLES ?,https://youtu.be/VYYCzGspLS4,https://i.ytimg.com/vi/VYYCzGspLS4/hqdefault.jpg?sqp=-oaymwEbCKgBEF5IVfKriqkDDggBFQAAiEIYAXABwAEG&rs=AOn4CLB88eX70eVCyNZMTmtaH_vg-5R9HA,
1HbPUQrh9hY,LE CAGED DANS LA PRATIQUE,https://youtu.be/1HbPUQrh9hY,https://i.ytimg.com/vi/1HbPUQrh9hY/hqdefault.jpg?sqp=-oaymwEbCKgBEF5IVfKriqkDDggBFQAAiEIYAXABwAEG&rs=AOn4CLBxWXIwy1rJfDPlpTFDKJ0n9ksVmg,
GWGZ9NVYxco,CE QUI VOUS EMPECHE D'ECARTER LES DOIGTS,https://youtu.be/GWGZ9NVYxco,https://i.ytimg.com/vi/GWGZ9NVYxco/hqdefault.jpg?sqp=-oaymwEbCKgBEF5IVfKriqkDDggBFQAAiEIYAXABwAEG&rs=AOn4CLB2b_4Zs1XaUM-Yg_WTdQjoyrxdrg,
k-Z3bvdZq3I,PROBLEMES DE RYTHME - Etape 3,https://youtu.be/k-Z3bvdZq3I,https://i.ytimg.com/vi/k-Z3bvdZq3I/hqdefault.jpg?sqp=-oaymwEbCKgBEF5IVfKriqkDDggBFQAAiEIYAXABwAEG&rs=AOn4CLAGT_iAL0R20_IKq710ctvhwoTz1g,
-EM6i9YJX4c,Larry CARLTON - SON PLAN FAVORI,https://youtu.be/-EM6i9YJX4c,https://i.ytimg.com/vi/-EM6i9YJX4c/hqdefault.jpg?sqp=-oaymwEbCKgBEF5IVfKriqkDDggBFQAAiEIYAXABwAEG&rs=AOn4CLB8PYcSTSb7PiYs7o3Wmiqk-K4PLg,
6T3K30vcWQ0,Stevie Ray VAUGHAN STYLE - RYTHMIQUE,https://youtu.be/6T3K30vcWQ0,https://i.ytimg.com/vi/6T3K30vcWQ0/hqdefault.jpg?sqp=-oaymwEbCKgBEF5IVfKriqkDDggBFQAAiEIYAXABwAEG&rs=AOn4CLB6n2j3lbuNvgcPnjdA1DVs9uJCSw,
HcO6-DjITLg,CE QUI VOUS EMPECHE DE JOUER VITE,https://youtu.be/HcO6-DjITLg,https://i.ytimg.com/vi/HcO6-DjITLg/hqdefault.jpg?sqp=-oaymwEbCKgBEF5IVfKriqkDDggBFQAAiEIYAXABwAEG&rs=AOn4CLCEJbEPehqNr98atArpnFgOLL6Gtw,
Se8k1l3Zcuc,PROBLEMES DE RYTHME - Etape 2,https://youtu.be/Se8k1l3Zcuc,https://i.ytimg.com/vi/Se8k1l3Zcuc/hqdefault.jpg?sqp=-oaymwEbCKgBEF5IVfKriqkDDggBFQAAiEIYAXABwAEG&rs=AOn4CLCCb-c6KCGAMs7LnuYO_SAqxpYyDw,
RXw6OvlGPL0,BLUES - JOUER MINEUR OU MAJEUR ?,https://youtu.be/RXw6OvlGPL0,https://i.ytimg.com/vi/RXw6OvlGPL0/hqdefault.jpg?sqp=-oaymwEbCKgBEF5IVfKriqkDDggBFQAAiEIYAXABwAEG&rs=AOn4CLDmvLajB8Y0UwovNrbDgQjA_XBDdA,
yaO5z5BKv-w,IMPROVISER avec les INTERVALLES,https://youtu.be/yaO5z5BKv-w,https://i.ytimg.com/vi/yaO5z5BKv-w/hqdefault.jpg?sqp=-oaymwEbCKgBEF5IVfKriqkDDggBFQAAiEIYAXABwAEG&rs=AOn4CLCT8tQl5FEbuYmzje1FIQK8EHBKxg,
dvGeJT0f5F0,QUEL DOIGT POUR MON BEND ?,https://youtu.be/dvGeJT0f5F0,https://i.ytimg.com/vi/dvGeJT0f5F0/hqdefault.jpg?sqp=-oaymwEbCKgBEF5IVfKriqkDDggBFQAAiEIYAXABwAEG&rs=AOn4CLCAndqVNo3A9oUMFtaH2l-c1J3YWw,
I3j3JIh8lRo,PROBLEMES de RYTHME - Bosse ce riff !!!,https://youtu.be/I3j3JIh8lRo,https://i.ytimg.com/vi/I3j3JIh8lRo/hqdefault.jpg?sqp=-oaymwEbCKgBEF5IVfKriqkDDggBFQAAiEIYAXABwAEG&rs=AOn4CLBZF4bB5ZYb6JzPkCHTog0wf1lv3A,
ThvybDG0d3w,UN ACCORD POUR VOS COMPOS en mineur,https://youtu.be/ThvybDG0d3w,https://i.ytimg.com/vi/ThvybDG0d3w/hqdefault.jpg?sqp=-oaymwEbCKgBEF5IVfKriqkDDggBFQAAiEIYAXABwAEG&rs=AOn4CLCGZRkXYiPqvk4X6HXSxp1Uz62-qQ,
axcI1SRmqPk,THE WALL - C'est en quoi ?,https://youtu.be/axcI1SRmqPk,https://i.ytimg.com/vi/axcI1SRmqPk/hqdefault.jpg?sqp=-oaymwEbCKgBEF5IVfKriqkDDggBFQAAiEIYAXABwAEG&rs=AOn4CLBJCp3tSU8rHta9g3TyK_dNknsrVg,
SYSN0NnGPd4,UN GENIE de la MUSIQUE ?,https://youtu.be/SYSN0NnGPd4,https://i.ytimg.com/vi/SYSN0NnGPd4/hqdefault.jpg?sqp=-oaymwEbCKgBEF5IVfKriqkDDggBFQAAiEIYAXABwAEG&rs=AOn4CLC2JmO_8JDF7XIvJYZubB5lWzPOHw,
xFEPZbTJ-vk,COMMENT JOUER BLUES sur un ACCORD MINEUR,https://youtu.be/xFEPZbTJ-vk,https://i.ytimg.com/vi/xFEPZbTJ-vk/hqdefault.jpg?sqp=-oaymwEbCKgBEF5IVfKriqkDDggBFQAAiEIYAXABwAEG&rs=AOn4CLAU6RxPWik6o-C8zknXb6O02N2iuw,
A5JQF7eCns4,MAD WORLD (3 versions) - GRANDS DEBUTANTS à la guitare,https://youtu.be/A5JQF7eCns4,https://i.ytimg.com/vi/A5JQF7eCns4/hqdefault.jpg?sqp=-oaymwEbCKgBEF5IVfKriqkDDggBFQAAiEIYAXABwAEG&rs=AOn4CLCqvy0Miqe_nyp6cAjTIaECoI5tTQ,
1uvJMFS0TQk,COMPRENDRE LA GAMME Diminuée,https://youtu.be/1uvJMFS0TQk,https://i.ytimg.com/vi/1uvJMFS0TQk/hqdefault.jpg?sqp=-oaymwEbCKgBEF5IVfKriqkDDggBFQAAiEIYAXABwAEG&rs=AOn4CLARgQ2vNspHe_1vyz3XTCZ_wNhsYQ,
U4YtOLDxxck,VOS LIMITES à LA GUITARE,https://youtu.be/U4YtOLDxxck,https://i.ytimg.com/vi/U4YtOLDxxck/hqdefault.jpg?sqp=-oaymwEbCKgBEF5IVfKriqkDDggBFQAAiEIYAXABwAEG&rs=AOn4CLAYvT8G-R3WIx74ebrVvT9lNCESzw,
ygab4NgVyUE,SUBSTITUTION COOL DU V7,https://youtu.be/ygab4NgVyUE,https://i.ytimg.com/vi/ygab4NgVyUE/hqdefault.jpg?sqp=-oaymwEbCKgBEF5IVfKriqkDDggBFQAAiEIYAXABwAEG&rs=AOn4CLAToIqqyZux5TnA5Hi8HcKKqFATug,
kzArZIfD2Qk,VIBRATOS SUR BENDS,https://youtu.be/kzArZIfD2Qk,https://i.ytimg.com/vi/kzArZIfD2Qk/hqdefault.jpg?sqp=-oaymwEbCKgBEF5IVfKriqkDDggBFQAAiEIYAXABwAEG&rs=AOn4CLDllrEs9Hk_fRxTDiv6e6qPlLgIbw,
0VvpmBuwuHQ,4 MODES POUR SONNER FLAMENCO,https://youtu.be/0VvpmBuwuHQ,https://i.ytimg.com/vi/0VvpmBuwuHQ/hqdefault.jpg?sqp=-oaymwEbCKgBEF5IVfKriqkDDggBFQAAiEIYAXABwAEG&rs=AOn4CLD8wQA5uDESXwM3y7_mozBrsykavg,
N1y_UcQqh1Y,CONCERT et PROBLEMES de santé,https://youtu.be/N1y_UcQqh1Y,https://i.ytimg.com/vi/N1y_UcQqh1Y/hqdefault.jpg?sqp=-oaymwEbCKgBEF5IVfKriqkDDggBFQAAiEIYAXABwAEG&rs=AOn4CLB8V1MVyZ4U5ZmKZK62IYjQ0c9Zow,
PHUKkFxolRI,LES BENDS DANS LE BLUES,https://youtu.be/PHUKkFxolRI,https://i.ytimg.com/vi/PHUKkFxolRI/hqdefault.jpg?sqp=-oaymwEbCKgBEF5IVfKriqkDDggBFQAAiEIYAXABwAEG&rs=AOn4CLDLzlzmPXOIyA-rZRrn9WUsmaUBTw,
ZSzK6rUrJXg,DEBUTER AVEC LES RENVERSEMENTS,https://youtu.be/ZSzK6rUrJXg,https://i.ytimg.com/vi/ZSzK6rUrJXg/hqdefault.jpg?sqp=-oaymwEbCKgBEF5IVfKriqkDDggBFQAAiEIYAXABwAEG&rs=AOn4CLBEK9flZ217NedYdwEq-zuMe4PA9g,
_tLwCwP6KW4,COULEUR BLUES en 1 SECONDE,https://youtu.be/_tLwCwP6KW4,https://i.ytimg.com/vi/_tLwCwP6KW4/hqdefault.jpg?sqp=-oaymwEbCKgBEF5IVfKriqkDDggBFQAAiEIYAXABwAEG&rs=AOn4CLDxXOFjwHiZRFOTdszUNHJuO3GYBQ,
e2_1fDl9BSw,DOUBLE BEND technique,https://youtu.be/e2_1fDl9BSw,https://i.ytimg.com/vi/e2_1fDl9BSw/hqdefault.jpg?sqp=-oaymwEbCKgBEF5IVfKriqkDDggBFQAAiEIYAXABwAEG&rs=AOn4CLByTcKLvNuGgYYHcZXzTHYLVQI0fQ,
QIyGaifIKKM,PETIT TRUC FOLK DEBUTANT,https://youtu.be/QIyGaifIKKM,https://i.ytimg.com/vi/QIyGaifIKKM/hqdefault.jpg?sqp=-oaymwEbCKgBEF5IVfKriqkDDggBFQAAiEIYAXABwAEG&rs=AOn4CLC_xM5i7YItqsi6EDyEF8MFyfpEHw,
n15BI8FySmM,IMPRO ET INTERVALLES,https://youtu.be/n15BI8FySmM,https://i.ytimg.com/vi/n15BI8FySmM/hqdefault.jpg?sqp=-oaymwEbCKgBEF5IVfKriqkDDggBFQAAiEIYAXABwAEG&rs=AOn4CLDsyAZVLdHGDFAT6JrfQ9fCjk682w,
wQQD6yIkKlE,IMPROVISER AVEC LES ARPEGES,https://youtu.be/wQQD6yIkKlE,https://i.ytimg.com/vi/wQQD6yIkKlE/hqdefault.jpg?sqp=-oaymwEbCKgBEF5IVfKriqkDDggBFQAAiEIYAXABwAEG&rs=AOn4CLBpHmIlhISLA4cXChEFddmQGnNvuQ,
I0J3Ke-l3J8,PROBLEMES DE RYTHME - EXOS,https://youtu.be/I0J3Ke-l3J8,https://i.ytimg.com/vi/I0J3Ke-l3J8/hqdefault.jpg?sqp=-oaymwEbCKgBEF5IVfKriqkDDggBFQAAiEIYAXABwAEG&rs=AOn4CLAKjgHjLw29zZVbwdcpiLhhab9urw,
cps9qyvBh_E,Un relevé SURPRISE,https://youtu.be/cps9qyvBh_E,https://i.ytimg.com/vi/cps9qyvBh_E/hqdefault.jpg?sqp=-oaymwEbCKgBEF5IVfKriqkDDggBFQAAiEIYAXABwAEG&rs=AOn4CLCZnAM18IE6jNXQ_xO_YFjjePInBg,
5coIhKZZlaQ,RECONNAITRE LA GAMME MINEURE HARMONIQUE à L'OREILLE,https://youtu.be/5coIhKZZlaQ,https://i.ytimg.com/vi/5coIhKZZlaQ/hqdefault.jpg?sqp=-oaymwEbCKgBEF5IVfKriqkDDggBFQAAiEIYAXABwAEG&rs=AOn4CLDdXs51F-6xwVN7vd_8qdmLC6E6iA,
Mw0OfwFtCGc,REGIONALISER LE JEU,https://youtu.be/Mw0OfwFtCGc,https://i.ytimg.com/vi/Mw0OfwFtCGc/hqdefault.jpg?sqp=-oaymwEbCKgBEF5IVfKriqkDDggBFQAAiEIYAXABwAEG&rs=AOn4CLBMVtc_PWXxIJuSZhvfxFasziyY0Q,
qqrR49Y0OEw,COMMENT JE COMPOSE ?,https://youtu.be/qqrR49Y0OEw,https://i.ytimg.com/vi/qqrR49Y0OEw/hqdefault.jpg?sqp=-oaymwEbCKgBEF5IVfKriqkDDggBFQAAiEIYAXABwAEG&rs=AOn4CLDSs-2edk6yrRpjn4US6d7F3wIefQ,
mkKOkOTjiCI,GUITARES VIDEOS ET SENTIERS,https://youtu.be/mkKOkOTjiCI,https://i.ytimg.com/vi/mkKOkOTjiCI/hqdefault.jpg?sqp=-oaymwEbCKgBEF5IVfKriqkDDggBFQAAiEIYAXABwAEG&rs=AOn4CLDIYh7ckwGex3MBVuwBU2bEVOg-QA,
_-T2loJeBhA,ACCORDS ET RÔLES MULTIPLES,https://youtu.be/_-T2loJeBhA,https://i.ytimg.com/vi/_-T2loJeBhA/hqdefault.jpg?sqp=-oaymwEbCKgBEF5IVfKriqkDDggBFQAAiEIYAXABwAEG&rs=AOn4CLAoLO6p4zGjKH20LppoQMYZ8wAPAw,
b5kfHNoEvtY,BOSSE TON GROOVE avec CE RIFF FACILE,https://youtu.be/b5kfHNoEvtY,https://i.ytimg.com/vi/b5kfHNoEvtY/hqdefault.jpg?sqp=-oaymwEbCKgBEF5IVfKriqkDDggBFQAAiEIYAXABwAEG&rs=AOn4CLAgBITVESu6BKjF0hOPtDT1VkbyLw,
AV5Qs1l4Wss,REARRANGEZ VOS REPRISES #2,https://youtu.be/AV5Qs1l4Wss,https://i.ytimg.com/vi/AV5Qs1l4Wss/hqdefault.jpg?sqp=-oaymwEbCKgBEF5IVfKriqkDDggBFQAAiEIYAXABwAEG&rs=AOn4CLBg5vXthSq6Z0v_hOG0LPVM8R_0IA,
6yKtUy_pvIc,TROUVER L'INSPIRATION,https://youtu.be/6yKtUy_pvIc,https://i.ytimg.com/vi/6yKtUy_pvIc/hqdefault.jpg?sqp=-oaymwEbCKgBEF5IVfKriqkDDggBFQAAiEIYAXABwAEG&rs=AOn4CLCgJDVH1_hsxE0bLHQq40YFUds5zw,
K_8ENgcGVDk,1 GUITARE - 1 GROTTE - 1 IMPRO,https://youtu.be/K_8ENgcGVDk,https://i.ytimg.com/vi/K_8ENgcGVDk/hqdefault.jpg?sqp=-oaymwEbCKgBEF5IVfKriqkDDggBFQAAiEIYAXABwAEG&rs=AOn4CLBUSDLaoTatDc0RoBerYgp2q5AKNQ,
M7CXxnArOrk,AIN'T NO SUNSHINE - POUR LES DEBUTANTS,https://youtu.be/M7CXxnArOrk,https://i.ytimg.com/vi/M7CXxnArOrk/hqdefault.jpg?sqp=-oaymwEbCKgBEF5IVfKriqkDDggBFQAAiEIYAXABwAEG&rs=AOn4CLDoNeA5sXZ44ipChw4PUCcPa6oMWQ,
NwiZgowWBBs,REARRANGEZ VOS REPRISES,https://youtu.be/NwiZgowWBBs,https://i.ytimg.com/vi/NwiZgowWBBs/hqdefault.jpg?sqp=-oaymwEbCKgBEF5IVfKriqkDDggBFQAAiEIYAXABwAEG&rs=AOn4CLDAgVG8DRpZT3j81fNr7xj_D3qtaw,
PF0qVN_UgLM,MON PETIT SECRET,https://youtu.be/PF0qVN_UgLM,https://i.ytimg.com/vi/PF0qVN_UgLM/hqdefault.jpg?sqp=-oaymwEbCKgBEF5IVfKriqkDDggBFQAAiEIYAXABwAEG&rs=AOn4CLCyQc-JF90Xl0hU-6jFz4LOxkf49A,
c_Ynk7vvSP4,II V I VI - ESSAYEZ CES SUBSTITUTIONS,https://youtu.be/c_Ynk7vvSP4,https://i.ytimg.com/vi/c_Ynk7vvSP4/hqdefault.jpg?sqp=-oaymwEbCKgBEF5IVfKriqkDDggBFQAAiEIYAXABwAEG&rs=AOn4CLBbbVcXZ5DTQQ7gMtMJV6jUqrC6-w,
s5gyYzKw5g8,BLUES MELODIQUE POUR DEBUTANTS avec PDF,https://youtu.be/s5gyYzKw5g8,https://i.ytimg.com/vi/s5gyYzKw5g8/hqdefault.jpg?sqp=-oaymwEbCKgBEF5IVfKriqkDDggBFQAAiEIYAXABwAEG&rs=AOn4CLCHxewU_zflz0dSJpaU0f__1TUhxQ,
CU7zw254fB8,à QUOI SERT UN RENVERSEMENT ?,https://youtu.be/CU7zw254fB8,https://i.ytimg.com/vi/CU7zw254fB8/hqdefault.jpg?sqp=-oaymwEbCKgBEF5IVfKriqkDDggBFQAAiEIYAXABwAEG&rs=AOn4CLAZ3jykKaoHVKY7rrulRQl9kAAnGA,
czRfvbuUXs8,NE FAITES PAS MON ERREUR,https://youtu.be/czRfvbuUXs8,https://i.ytimg.com/vi/czRfvbuUXs8/hqdefault.jpg?sqp=-oaymwEbCKgBEF5IVfKriqkDDggBFQAAiEIYAXABwAEG&rs=AOn4CLAR8csDIFy7snJXFN0Yye_rj0HgFA,
icbMCZQ2Ycg,DOUBLE STOP INITIATION - Mouvements contraires,https://youtu.be/icbMCZQ2Ycg,https://i.ytimg.com/vi/icbMCZQ2Ycg/hqdefault.jpg?sqp=-oaymwEbCKgBEF5IVfKriqkDDggBFQAAiEIYAXABwAEG&rs=AOn4CLC086HVO5IHTpMUerl9D5vcJPNlgA,
PBuLoVUX-WE,BENDS ET EXPRESSIVITE,https://youtu.be/PBuLoVUX-WE,https://i.ytimg.com/vi/PBuLoVUX-WE/hqdefault.jpg?sqp=-oaymwEbCKgBEF5IVfKriqkDDggBFQAAiEIYAXABwAEG&rs=AOn4CLBrxAwDb5SwG_Ko_mlkUQlvGuT1YA,
R07A3MpyrU8,DES ACCORDS POUR MA PENTA,https://youtu.be/R07A3MpyrU8,https://i.ytimg.com/vi/R07A3MpyrU8/hqdefault.jpg?sqp=-oaymwEbCKgBEF5IVfKriqkDDggBFQAAiEIYAXABwAEG&rs=AOn4CLAnoQifVJJaWGjDYym2M00OI8QfjA,
rykVQaxCd8Y,PROBLEMES DE CONCENTRATION EN JOUANT,https://youtu.be/rykVQaxCd8Y,https://i.ytimg.com/vi/rykVQaxCd8Y/hqdefault.jpg?sqp=-oaymwEbCKgBEF5IVfKriqkDDggBFQAAiEIYAXABwAEG&rs=AOn4CLD4AxQvqWbMw3eTqEcXQGM5ytIXgQ,
ODNY2usi6hs,UN BLUES ACOUSTIQUE,https://youtu.be/ODNY2usi6hs,https://i.ytimg.com/vi/ODNY2usi6hs/hqdefault.jpg?sqp=-oaymwEbCKgBEF5IVfKriqkDDggBFQAAiEIYAXABwAEG&rs=AOn4CLA9r2Ga2xT4VwyQvXWIn2id4rHGOQ,
OaWoExFWpsg,JAZZIFIEZ VOS IMPROS,https://youtu.be/OaWoExFWpsg,https://i.ytimg.com/vi/OaWoExFWpsg/hqdefault.jpg?sqp=-oaymwEbCKgBEF5IVfKriqkDDggBFQAAiEIYAXABwAEG&rs=AOn4CLDPD0jKG_YNCz8KZv4qqs-iaP8eZA,
zJ_jUpHbUcw,2 MODES MINEURS LES PLUS UTILES,https://youtu.be/zJ_jUpHbUcw,https://i.ytimg.com/vi/zJ_jUpHbUcw/hqdefault.jpg?sqp=-oaymwEbCKgBEF5IVfKriqkDDggBFQAAiEIYAXABwAEG&rs=AOn4CLDpHpCoHMB0GHZGIzkJ2PusMi617Q,
zPU4N5R9tyQ,L'INSPIRATION à chaque fois,https://youtu.be/zPU4N5R9tyQ,https://i.ytimg.com/vi/zPU4N5R9tyQ/hqdefault.jpg?sqp=-oaymwEbCKgBEF5IVfKriqkDDggBFQAAiEIYAXABwAEG&rs=AOn4CLCdEIGr_nSiJld1mBJcl3s9BiO0Cw,
RS9stCi5pcs,COMMENT ENRICHIR VOS RYTHMIQUES BLUES,https://youtu.be/RS9stCi5pcs,https://i.ytimg.com/vi/RS9stCi5pcs/hqdefault.jpg?sqp=-oaymwEbCKgBEF5IVfKriqkDDggBFQAAiEIYAXABwAEG&rs=AOn4CLCZfP2yqUFFtpappEXR1zZxO6Ctmg,
TmCQv7paVS0,IMPRO BLUES ET ARPEGES DORIENS,https://youtu.be/TmCQv7paVS0,https://i.ytimg.com/vi/TmCQv7paVS0/hqdefault.jpg?sqp=-oaymwEbCKgBEF5IVfKriqkDDggBFQAAiEIYAXABwAEG&rs=AOn4CLARRYKnwCgOkA_Zznf6FNPU08gIbw,
YC_Nvi9a3RM,QUELLE GAMME SUR CETTE CHANSON ?,https://youtu.be/YC_Nvi9a3RM,https://i.ytimg.com/vi/YC_Nvi9a3RM/hqdefault.jpg?sqp=-oaymwEbCKgBEF5IVfKriqkDDggBFQAAiEIYAXABwAEG&rs=AOn4CLB6zBSyQ9Co8gUFnUvhbF0dZOgvDg,
zSJeo_kSXoU,DOUBLE STOPS HARMONIQUES,https://youtu.be/zSJeo_kSXoU,https://i.ytimg.com/vi/zSJeo_kSXoU/hqdefault.jpg?sqp=-oaymwEbCKgBEF5IVfKriqkDDggBFQAAiEIYAXABwAEG&rs=AOn4CLCHB7i8iTRLzkeB390xaVmfPWtuHQ,
Tu66I61xDrA,LE PLAN FAVORI DE ROBBEN FORD,https://youtu.be/Tu66I61xDrA,https://i.ytimg.com/vi/Tu66I61xDrA/hqdefault.jpg?sqp=-oaymwEbCKgBEF5IVfKriqkDDggBFQAAiEIYAXABwAEG&rs=AOn4CLDHE83ID3yvQBeAIONzqFJfAYcTNg,
psTeuZXAxFo,RETROUVER LE NOM DE TOUS LES ACCORDS GUITARE,https://youtu.be/psTeuZXAxFo,https://i.ytimg.com/vi/psTeuZXAxFo/hqdefault.jpg?sqp=-oaymwEbCKgBEF5IVfKriqkDDggBFQAAiEIYAXABwAEG&rs=AOn4CLAJYUM-gLCJSD8bPCXRfMzDi2In2A,
KAbdnYvCRTI,MA SEULE ROUTINE à la GUITARE !,https://youtu.be/KAbdnYvCRTI,https://i.ytimg.com/vi/KAbdnYvCRTI/hqdefault.jpg?sqp=-oaymwEbCKgBEF5IVfKriqkDDggBFQAAiEIYAXABwAEG&rs=AOn4CLA8buG_hb8DkSo6BUe4h415u-6EcQ,
srvNfsIszL8,II V I VI - SONNER PLUS MODERNE SUR UN TURNAROUND,https://youtu.be/srvNfsIszL8,https://i.ytimg.com/vi/srvNfsIszL8/hqdefault.jpg?sqp=-oaymwEbCKgBEF5IVfKriqkDDggBFQAAiEIYAXABwAEG&rs=AOn4CLAOTzPHeWTGZK00O8_sqa-i-meZTQ,
fgb1W57QIPA,BOSSE TON RYTHME DANS UNE GROTTE,https://youtu.be/fgb1W57QIPA,https://i.ytimg.com/vi/fgb1W57QIPA/hqdefault.jpg?sqp=-oaymwEbCKgBEF5IVfKriqkDDggBFQAAiEIYAXABwAEG&rs=AOn4CLBHcZzqr49EIiIIXOi1pG4il-GhjA,
0-on54-v3ts,DES ACCORDS à L'INFINI POUR VOS COMPOS,https://youtu.be/0-on54-v3ts,https://i.ytimg.com/vi/0-on54-v3ts/hqdefault.jpg?sqp=-oaymwEbCKgBEF5IVfKriqkDDggBFQAAiEIYAXABwAEG&rs=AOn4CLBS_6rFQQa29Bgol5hLlGgsgLdAmw,
DlXlKwTyZpo,UNE MAUVAISE TECHNIQUE à la GUITARE ?,https://youtu.be/DlXlKwTyZpo,https://i.ytimg.com/vi/DlXlKwTyZpo/hqdefault.jpg?sqp=-oaymwEbCKgBEF5IVfKriqkDDggBFQAAiEIYAXABwAEG&rs=AOn4CLBgt9cpsFqnHfDlHJ3laxNir0QZ_Q,
rQliUFqzA5Q,LES 4 PREMIERS NIVEAUX EN HARMONIE,https://youtu.be/rQliUFqzA5Q,https://i.ytimg.com/vi/rQliUFqzA5Q/hqdefault.jpg?sqp=-oaymwEbCKgBEF5IVfKriqkDDggBFQAAiEIYAXABwAEG&rs=AOn4CLCKV1A_P2_5m3krvpd_JQMMkstb3A,
f6YAua89fe4,EXPLOSEZ L’ARPEGE diminué,https://youtu.be/f6YAua89fe4,https://i.ytimg.com/vi/f6YAua89fe4/hqdefault.jpg?sqp=-oaymwEbCKgBEF5IVfKriqkDDggBFQAAiEIYAXABwAEG&rs=AOn4CLCF45JaN4yF9zuMHXhznnI2BdfiiA,
nDgGuq274lk,SERS TOI ENFIN DES MODES DANS TA MUSIQUE,https://youtu.be/nDgGuq274lk,https://i.ytimg.com/vi/nDgGuq274lk/hqdefault.jpg?sqp=-oaymwEbCKgBEF5IVfKriqkDDggBFQAAiEIYAXABwAEG&rs=AOn4CLBGn490iS4_jNXoVl12yYALJsaRoA,
a8haBz5eMr0,MICRO BENDS DANS LE BLUES,https://youtu.be/a8haBz5eMr0,https://i.ytimg.com/vi/a8haBz5eMr0/hqdefault.jpg?sqp=-oaymwEbCKgBEF5IVfKriqkDDggBFQAAiEIYAXABwAEG&rs=AOn4CLD2x2Lzcez8OpEDKKlEws7AS1_opA,
huKzum8XXTc,TENNESSEE POUR LES GRANDS DEBUTANTS,https://youtu.be/huKzum8XXTc,https://i.ytimg.com/vi/huKzum8XXTc/hqdefault.jpg?sqp=-oaymwEbCKgBEF5IVfKriqkDDggBFQAAiEIYAXABwAEG&rs=AOn4CLABg9bwb8lPDSTx4jk1MgAUh5dcKQ,
mhaTRA5yEZ4,ENRICHIR UNE SUITE D'ACCORDS,https://youtu.be/mhaTRA5yEZ4,https://i.ytimg.com/vi/mhaTRA5yEZ4/hqdefault.jpg?sqp=-oaymwEbCKgBEF5IVfKriqkDDggBFQAAiEIYAXABwAEG&rs=AOn4CLBF1JoVkuaklWq6bB1zH8n4-9XSOQ,
PxyTrwns9hM,LA POSITION IDEALE à la GUITARE ?,https://youtu.be/PxyTrwns9hM,https://i.ytimg.com/vi/PxyTrwns9hM/hqdefault.jpg?sqp=-oaymwEbCKgBEF5IVfKriqkDDggBFQAAiEIYAXABwAEG&rs=AOn4CLAW5RPixN7eRMYoMrWM5BgiUyyREA,
R1dWpAC13Z4,2 ANS DE VACANCES à la GUITARE,https://youtu.be/R1dWpAC13Z4,https://i.ytimg.com/vi/R1dWpAC13Z4/hqdefault.jpg?sqp=-oaymwEbCKgBEF5IVfKriqkDDggBFQAAiEIYAXABwAEG&rs=AOn4CLDHlaBP6u0gMbsn_YwqOLnAyty6kQ,
epCb3blgehY,UN PLAN JAZZ à JOUER PARTOUT,https://youtu.be/epCb3blgehY,https://i.ytimg.com/vi/epCb3blgehY/hqdefault.jpg?sqp=-oaymwEbCKgBEF5IVfKriqkDDggBFQAAiEIYAXABwAEG&rs=AOn4CLD2K8EKWpZ7vIx0kTMaovkSxrAh2A,
8u-5FOWcfLU,INITIATION à la GAMME MINEURE HARMONIQUE,https://youtu.be/8u-5FOWcfLU,https://i.ytimg.com/vi/8u-5FOWcfLU/hqdefault.jpg?sqp=-oaymwEbCKgBEF5IVfKriqkDDggBFQAAiEIYAXABwAEG&rs=AOn4CLADXiNf8Zp_YHkKxMWHgnS7LKCClQ,
7LODgEhtdz0,TROP DE TRUCS A TRAVAILLER A LA GUITARE,https://youtu.be/7LODgEhtdz0,https://i.ytimg.com/vi/7LODgEhtdz0/hqdefault.jpg?sqp=-oaymwEbCKgBEF5IVfKriqkDDggBFQAAiEIYAXABwAEG&rs=AOn4CLAlBLaB2Oy0BdzHGJ3lK5310dTFCg,
1PceqZ4-EIY,BLUES MINEUR EN MILIEU HOSTILE,https://youtu.be/1PceqZ4-EIY,https://i.ytimg.com/vi/1PceqZ4-EIY/hqdefault.jpg?sqp=-oaymwEbCKgBEF5IVfKriqkDDggBFQAAiEIYAXABwAEG&rs=AOn4CLBFX_wZDc7db4C7g6itOgRij56Tlg,
T6-ipHtMOtU,UN RIFF DE MON GUITARISTE PREFERE,https://youtu.be/T6-ipHtMOtU,https://i.ytimg.com/vi/T6-ipHtMOtU/hqdefault.jpg?sqp=-oaymwEbCKgBEF5IVfKriqkDDggBFQAAiEIYAXABwAEG&rs=AOn4CLByrPWUOi10H4d_imXL47hlOq6miw,
zM0WhOfZrAg,FAITES ENFIN SONNER VOS ACCORDS,https://youtu.be/zM0WhOfZrAg,https://i.ytimg.com/vi/zM0WhOfZrAg/hqdefault.jpg?sqp=-oaymwEbCKgBEF5IVfKriqkDDggBFQAAiEIYAXABwAEG&rs=AOn4CLBdEa2xCEopFGVSwBCyeydXh-QxHQ,
fTGwv_68fBo,PROBLEMES DE RYTHME - REGARDEZ CETTE VIDEO,https://youtu.be/fTGwv_68fBo,https://i.ytimg.com/vi/fTGwv_68fBo/hqdefault.jpg?sqp=-oaymwEbCKgBEF5IVfKriqkDDggBFQAAiEIYAXABwAEG&rs=AOn4CLCjha4u-J9g7MQNAoddjxgGIpev_Q,
yGxHNj0o5eE,BLUES NE FAITES PAS ÇA !!!,https://youtu.be/yGxHNj0o5eE,https://i.ytimg.com/vi/yGxHNj0o5eE/hqdefault.jpg?sqp=-oaymwEbCKgBEF5IVfKriqkDDggBFQAAiEIYAXABwAEG&rs=AOn4CLDH_-IwXLL2WxztFQVFlSB33TnK2g,
_KCULg0FAxs,UN BLUES MEGA DEBUTANT,https://youtu.be/_KCULg0FAxs,https://i.ytimg.com/vi/_KCULg0FAxs/hqdefault.jpg?sqp=-oaymwEbCKgBEF5IVfKriqkDDggBFQAAiEIYAXABwAEG&rs=AOn4CLACdjMRwBi5PQ7k5hkcAyAdcq-MlQ,
uJxOX7_YzMk,MARK KNOPFLER ET LE CAGED,https://youtu.be/uJxOX7_YzMk,https://i.ytimg.com/vi/uJxOX7_YzMk/hqdefault.jpg?sqp=-oaymwEbCKgBEF5IVfKriqkDDggBFQAAiEIYAXABwAEG&rs=AOn4CLAUUDheKSgDd-YrwjafK5t5g77u4w,
wuGoTif3XNU,OREILLE ANALYTIQUE ET SELECTIVE,https://youtu.be/wuGoTif3XNU,https://i.ytimg.com/vi/wuGoTif3XNU/hqdefault.jpg?sqp=-oaymwEbCKgBEF5IVfKriqkDDggBFQAAiEIYAXABwAEG&rs=AOn4CLBUxiY_55T629StluRYpbhhqRucMQ,
Nj0_EhK8wIQ,PLAN BLUES JAZZ - BENSON STYLE,https://youtu.be/Nj0_EhK8wIQ,https://i.ytimg.com/vi/Nj0_EhK8wIQ/hqdefault.jpg?sqp=-oaymwEbCKgBEF5IVfKriqkDDggBFQAAiEIYAXABwAEG&rs=AOn4CLCjhy-8yN010lZVkxjvvsfoCx49KQ,
sY2iMfm9EHo,BOSSE TON RYTHME AVEC CE RIFF,https://youtu.be/sY2iMfm9EHo,https://i.ytimg.com/vi/sY2iMfm9EHo/hqdefault.jpg?sqp=-oaymwEbCKgBEF5IVfKriqkDDggBFQAAiEIYAXABwAEG&rs=AOn4CLAjHmYY362NLFEmGywl5xjIm06Bxg,
m6o2rdRVVpg,SPECIAL DEBUTANT GUITARE,https://youtu.be/m6o2rdRVVpg,https://i.ytimg.com/vi/m6o2rdRVVpg/hqdefault.jpg?sqp=-oaymwEbCKgBEF5IVfKriqkDDggBFQAAiEIYAXABwAEG&rs=AOn4CLAOhFRHMuTK9Gs0FqOwLfX24tr71g,
u_VFysnLy3U,JEU EN GROUPE et TRAVAIL PERSO-COMMENT JE FAIS ?,https://youtu.be/u_VFysnLy3U,https://i.ytimg.com/vi/u_VFysnLy3U/hqdefault.jpg?sqp=-oaymwEbCKgBEF5IVfKriqkDDggBFQAAiEIYAXABwAEG&rs=AOn4CLBnREuGPyBa0Ie6oz21t12MMQ4QNw,
Bx-vFYt0_9w,COMMENT ENTENDRE LE MINEUR MELODIQUE,https://youtu.be/Bx-vFYt0_9w,https://i.ytimg.com/vi/Bx-vFYt0_9w/hqdefault.jpg?sqp=-oaymwEbCKgBEF5IVfKriqkDDggBFQAAiEIYAXABwAEG&rs=AOn4CLAIeeKAX1wixw9fMZuGh7rPffBbWg,
6n_EbmfmOU8,MEGA DEBUTANT - GUITARE FACILE,https://youtu.be/6n_EbmfmOU8,https://i.ytimg.com/vi/6n_EbmfmOU8/hqdefault.jpg?sqp=-oaymwEbCKgBEF5IVfKriqkDDggBFQAAiEIYAXABwAEG&rs=AOn4CLDcSv8TJIQ-cldyQya2wjhjJD87Ig,
dj1Eiz1-U3w,GUITARE ET DOULEUR DE COUDE,https://youtu.be/dj1Eiz1-U3w,https://i.ytimg.com/vi/dj1Eiz1-U3w/hqdefault.jpg?sqp=-oaymwEbCKgBEF5IVfKriqkDDggBFQAAiEIYAXABwAEG&rs=AOn4CLCAozQipix5IJbVDy0FxxJI8JBtcQ,
XSHP8NzJmjE,ARPEGE Diminué ET IMPRO BLUES,https://youtu.be/XSHP8NzJmjE,https://i.ytimg.com/vi/XSHP8NzJmjE/hqdefault.jpg?sqp=-oaymwEbCKgBEF5IVfKriqkDDggBFQAAiEIYAXABwAEG&rs=AOn4CLA-Aa76-7YGTUxyPAcJe309zsAFqg,
jCGEDAJF14w,GRAND DEBUTANT-JOUEZ UN TRUC TOUT DE SUITE à la guitare,https://youtu.be/jCGEDAJF14w,https://i.ytimg.com/vi/jCGEDAJF14w/hqdefault.jpg?sqp=-oaymwEbCKgBEF5IVfKriqkDDggBFQAAiEIYAXABwAEG&rs=AOn4CLB-Oda6MUb9yS7elKTJNEEWDtQBPQ,
gLyyH3wLprE,REPERER TOUTES LES POSITIONS DE TOUTES LES GAMMES,https://youtu.be/gLyyH3wLprE,https://i.ytimg.com/vi/gLyyH3wLprE/hqdefault.jpg?sqp=-oaymwEbCKgBEF5IVfKriqkDDggBFQAAiEIYAXABwAEG&rs=AOn4CLAYY1211hC1GIiqjvmqb6LGVkL0Bg,
HmEuzOngpyY,APPRENDRE LA MUSIQUE à son ENFANT ?,https://youtu.be/HmEuzOngpyY,https://i.ytimg.com/vi/HmEuzOngpyY/hqdefault.jpg?sqp=-oaymwEbCKgBEF5IVfKriqkDDggBFQAAiEIYAXABwAEG&rs=AOn4CLB5I_5OqUHMbWJsL3uNula8LrSc0g,
WgeLGPkwDvo,INTERVALLES ET JEU OUT,https://youtu.be/WgeLGPkwDvo,https://i.ytimg.com/vi/WgeLGPkwDvo/hqdefault.jpg?sqp=-oaymwEbCKgBEF5IVfKriqkDDggBFQAAiEIYAXABwAEG&rs=AOn4CLC_MqcGKsJBqJ7LARKDNqxjOXO7lA,
FcHS57qfRS4,COMMENT FAIRE SONNER LA PENTA #3,https://youtu.be/FcHS57qfRS4,https://i.ytimg.com/vi/FcHS57qfRS4/hqdefault.jpg?sqp=-oaymwEbCKgBEF5IVfKriqkDDggBFQAAiEIYAXABwAEG&rs=AOn4CLA2eaRP2oa8sy_dSoAShrHvJotonQ,
Vwb5ffEESzQ,ABANDONNER LES PARTITIONS ?,https://youtu.be/Vwb5ffEESzQ,https://i.ytimg.com/vi/Vwb5ffEESzQ/hqdefault.jpg?sqp=-oaymwEbCKgBEF5IVfKriqkDDggBFQAAiEIYAXABwAEG&rs=AOn4CLDAEl7ynJRhkmhKvjco3rReWweKEA,
R7J5IBtJi6k,THEORIE OU PAS THEORIE #2,https://youtu.be/R7J5IBtJi6k,https://i.ytimg.com/vi/R7J5IBtJi6k/hqdefault.jpg?sqp=-oaymwEbCKgBEF5IVfKriqkDDggBFQAAiEIYAXABwAEG&rs=AOn4CLBWawhTpoyMkiJ8m0-avyjQ6ScB6Q,
T_sKGtL2wHA,ACCORDS + BASSE - RYTHMIQUE JAZZ AUX DOIGTS GUITARE,https://youtu.be/T_sKGtL2wHA,https://i.ytimg.com/vi/T_sKGtL2wHA/hqdefault.jpg?sqp=-oaymwEbCKgBEF5IVfKriqkDDggBFQAAiEIYAXABwAEG&rs=AOn4CLB3lJpTLFYNAqxlS8gmFpnVqziEgw,
IbyzZ3VCl80,ENRICHIR LES ACCORDS à la GUITARE,https://youtu.be/IbyzZ3VCl80,https://i.ytimg.com/vi/IbyzZ3VCl80/hqdefault.jpg?sqp=-oaymwEbCKgBEF5IVfKriqkDDggBFQAAiEIYAXABwAEG&rs=AOn4CLANiI6RNdDMVib7FhQtTywSUEEDiQ,
-7AEBHqOkiI,REUSSIR les Barrés #3,https://youtu.be/-7AEBHqOkiI,https://i.ytimg.com/vi/-7AEBHqOkiI/hqdefault.jpg?sqp=-oaymwEbCKgBEF5IVfKriqkDDggBFQAAiEIYAXABwAEG&rs=AOn4CLB9kP3lVYmrwrC9mnY8GU_9jVHy-Q,
ZPK8VZppxgM,NIVEAUX DE COMPREHENSION et GUITARE,https://youtu.be/ZPK8VZppxgM,https://i.ytimg.com/vi/ZPK8VZppxgM/hqdefault.jpg?sqp=-oaymwEbCKgBEF5IVfKriqkDDggBFQAAiEIYAXABwAEG&rs=AOn4CLDSiNOMhVsoSCK80YLD9SCnMk38Xw,
zcB19NrwttA,ENRICHIR VOS IMPROS BLUES,https://youtu.be/zcB19NrwttA,https://i.ytimg.com/vi/zcB19NrwttA/hqdefault.jpg?sqp=-oaymwEbCKgBEF5IVfKriqkDDggBFQAAiEIYAXABwAEG&rs=AOn4CLBvIsu5FADUpVHJ7w6QBh_Vzm-rhQ,
bHYsjUFH0EI,EXPLOSEZ VOTRE NIVEAU en ACCORDS,https://youtu.be/bHYsjUFH0EI,https://i.ytimg.com/vi/bHYsjUFH0EI/hqdefault.jpg?sqp=-oaymwEbCKgBEF5IVfKriqkDDggBFQAAiEIYAXABwAEG&rs=AOn4CLDpSMHEwXcr0mzdWWAR6eTMksae6A,
Exys_KDuchY,LA CHOSE LA PLUS IMPORTANTE à TRAVAILLER à la GUITARE,https://youtu.be/Exys_KDuchY,https://i.ytimg.com/vi/Exys_KDuchY/hqdefault.jpg?sqp=-oaymwEbCKgBEF5IVfKriqkDDggBFQAAiEIYAXABwAEG&rs=AOn4CLA47NV5biP8NgrrdnPwt-C56lVkyQ,
RVa0qKZ2cEQ,DOUBLE STOPS ET MOUVEMENTS CONTRAIRES,https://youtu.be/RVa0qKZ2cEQ,https://i.ytimg.com/vi/RVa0qKZ2cEQ/hqdefault.jpg?sqp=-oaymwEbCKgBEF5IVfKriqkDDggBFQAAiEIYAXABwAEG&rs=AOn4CLB0ZsO3MP8E2P0HU5L1F1ZqFr9sJw,
BzXmrM9B9No,EXERCICE URGENT à la GUITARE,https://youtu.be/BzXmrM9B9No,https://i.ytimg.com/vi/BzXmrM9B9No/hqdefault.jpg?sqp=-oaymwEbCKgBEF5IVfKriqkDDggBFQAAiEIYAXABwAEG&rs=AOn4CLC1dkXdrXkdBW5frB5t3v4laPRP1g,
VC0ao02qXio,PROBLEMES D'ECARTS à la GUITARE,https://youtu.be/VC0ao02qXio,https://i.ytimg.com/vi/VC0ao02qXio/hqdefault.jpg?sqp=-oaymwEbCKgBEF5IVfKriqkDDggBFQAAiEIYAXABwAEG&rs=AOn4CLB1uIVPnja7xKTTw2BpbkmEG_MWdg,
stZqmNwg2ik,PARCE QUE JE N'Y ARRIVAIS PAS,https://youtu.be/stZqmNwg2ik,https://i.ytimg.com/vi/stZqmNwg2ik/hqdefault.jpg?sqp=-oaymwEbCKgBEF5IVfKriqkDDggBFQAAiEIYAXABwAEG&rs=AOn4CLBkfqm9DK8ykvl3SxBR_AEwW4c3iQ,
7J8TJ9D1SqM,PETITES FINESSES HARMONIQUES APERITIVES,https://youtu.be/7J8TJ9D1SqM,https://i.ytimg.com/vi/7J8TJ9D1SqM/hqdefault.jpg?sqp=-oaymwEbCKgBEF5IVfKriqkDDggBFQAAiEIYAXABwAEG&rs=AOn4CLABdQuQ0aPIxIoTGr98DpBL6VvYJg,
LrsGvptNQxc,INTERVALLES DANS LE BLUES - TRITON,https://youtu.be/LrsGvptNQxc,https://i.ytimg.com/vi/LrsGvptNQxc/hqdefault.jpg?sqp=-oaymwEbCKgBEF5IVfKriqkDDggBFQAAiEIYAXABwAEG&rs=AOn4CLB6T5yyVTV8wpqjbe-Tn5wvDmK8Tg,
ShdsEoVBNsU,VOTRE OREILLE ET LA MUSIQUE,https://youtu.be/ShdsEoVBNsU,https://i.ytimg.com/vi/ShdsEoVBNsU/hqdefault.jpg?sqp=-oaymwEbCKgBEF5IVfKriqkDDggBFQAAiEIYAXABwAEG&rs=AOn4CLAVf0ZGzP6NNazednXp6drHbcEKrA,
AHKoRCs4drU,UN SECRET CONTRE LE DECOURAGEMENT,https://youtu.be/AHKoRCs4drU,https://i.ytimg.com/vi/AHKoRCs4drU/hqdefault.jpg?sqp=-oaymwEbCKgBEF5IVfKriqkDDggBFQAAiEIYAXABwAEG&rs=AOn4CLA966rX1-PeSke-tcMlE5CoRDlxUA,
NAnvtQHH3Uw,SONNEZ JAZZ DANS 4'37,https://youtu.be/NAnvtQHH3Uw,https://i.ytimg.com/vi/NAnvtQHH3Uw/hqdefault.jpg?sqp=-oaymwEbCKgBEF5IVfKriqkDDggBFQAAiEIYAXABwAEG&rs=AOn4CLAZY7MCMBFuTsmGjUQs3d8QcJiuNQ,
YNqDNZ4pQtQ,LES BASES DE L'HARMONIE - sus2 et add9,https://youtu.be/YNqDNZ4pQtQ,https://i.ytimg.com/vi/YNqDNZ4pQtQ/hqdefault.jpg?sqp=-oaymwEbCKgBEF5IVfKriqkDDggBFQAAiEIYAXABwAEG&rs=AOn4CLD34e3k7JuqtBamby1XXNUkbAukcA,
rPQjC6PNEjM,DOULEURS CERVICALES et GUITARE,https://youtu.be/rPQjC6PNEjM,https://i.ytimg.com/vi/rPQjC6PNEjM/hqdefault.jpg?sqp=-oaymwEbCKgBEF5IVfKriqkDDggBFQAAiEIYAXABwAEG&rs=AOn4CLAKb_-tKxa5encuC2Du1WumEIk89A,
a0NtqvsqGqo,COMMENT TRAVAILLER L'HARMONIE en 3 points ?,https://youtu.be/a0NtqvsqGqo,https://i.ytimg.com/vi/a0NtqvsqGqo/hqdefault.jpg?sqp=-oaymwEbCKgBEF5IVfKriqkDDggBFQAAiEIYAXABwAEG&rs=AOn4CLBt9HXQCbF55LXXyEiTK18JJ1b5cg,
SqPTilGlodU,BLUES MELODIQUE DOBRO avec PDF,https://youtu.be/SqPTilGlodU,https://i.ytimg.com/vi/SqPTilGlodU/hqdefault.jpg?sqp=-oaymwEbCKgBEF5IVfKriqkDDggBFQAAiEIYAXABwAEG&rs=AOn4CLCtCHQ-d5BUXJ68M_CVu6zKcA6vqQ,
G6hwlSvU4Wg,ENRICHIR LES ACCORDS,https://youtu.be/G6hwlSvU4Wg,https://i.ytimg.com/vi/G6hwlSvU4Wg/hqdefault.jpg?sqp=-oaymwEbCKgBEF5IVfKriqkDDggBFQAAiEIYAXABwAEG&rs=AOn4CLB2vHgFX5FC9SG_NWywQwXRMAneyg,
akYmrn1ii60,POSITION JAMBE DROITE à la GUITARE ?,https://youtu.be/akYmrn1ii60,https://i.ytimg.com/vi/akYmrn1ii60/hqdefault.jpg?sqp=-oaymwEbCKgBEF5IVfKriqkDDggBFQAAiEIYAXABwAEG&rs=AOn4CLCyc7At7TQJuHlGsL68pFxgs-h_4A,
qp5w6-_QtVs,JOUER GAUCHER OU DROITIER à la GUITARE,https://youtu.be/qp5w6-_QtVs,https://i.ytimg.com/vi/qp5w6-_QtVs/hqdefault.jpg?sqp=-oaymwEbCKgBEF5IVfKriqkDDggBFQAAiEIYAXABwAEG&rs=AOn4CLD-xNA-fobCcOoxDIzBtjMp7VaFpQ,
zc9g37aatJU,LE JEU EN QUINTES à la GUITARE,https://youtu.be/zc9g37aatJU,https://i.ytimg.com/vi/zc9g37aatJU/hqdefault.jpg?sqp=-oaymwEbCKgBEF5IVfKriqkDDggBFQAAiEIYAXABwAEG&rs=AOn4CLANwKQtxQvPxKOSdBvyc-clmkIqxA,
ujwewnOajM4,EXPRESSIVITE et BLUES - Inflexions multiples,https://youtu.be/ujwewnOajM4,https://i.ytimg.com/vi/ujwewnOajM4/hqdefault.jpg?sqp=-oaymwEbCKgBEF5IVfKriqkDDggBFQAAiEIYAXABwAEG&rs=AOn4CLChagheFQAPIh30EzkHA64g7rEOXw,
fSiubY3odq0,LA POSITION PARFAITE A LA GUITARE ?,https://youtu.be/fSiubY3odq0,https://i.ytimg.com/vi/fSiubY3odq0/hqdefault.jpg?sqp=-oaymwEbCKgBEF5IVfKriqkDDggBFQAAiEIYAXABwAEG&rs=AOn4CLDyNEo8SfVFxRkTaJxsYEr72eRyEg,
ZrpzOFCQ43I,FORCE ET TECHNIQUE à LA GUITARE,https://youtu.be/ZrpzOFCQ43I,https://i.ytimg.com/vi/ZrpzOFCQ43I/hqdefault.jpg?sqp=-oaymwEbCKgBEF5IVfKriqkDDggBFQAAiEIYAXABwAEG&rs=AOn4CLBd0GPRGxfQW-rAICNKBDkPq3pGDQ,
cAKRM-yd9yw,CE QU'IL VOUS RESTE à FAIRE à LA GUITARE,https://youtu.be/cAKRM-yd9yw,https://i.ytimg.com/vi/cAKRM-yd9yw/hqdefault.jpg?sqp=-oaymwEbCKgBEF5IVfKriqkDDggBFQAAiEIYAXABwAEG&rs=AOn4CLAPywIOqM7m_oexjBeiUhoc10T0oA,
HsTfOHKuBfU,DEFAUTS DE VIBRATO à la GUITARE,https://youtu.be/HsTfOHKuBfU,https://i.ytimg.com/vi/HsTfOHKuBfU/hqdefault.jpg?sqp=-oaymwEbCKgBEF5IVfKriqkDDggBFQAAiEIYAXABwAEG&rs=AOn4CLBmhhWq9sFBp3yzSFHdmiKsvtbb1w,
vPmobPuM4hI,PERTE DE MOTIVATION,https://youtu.be/vPmobPuM4hI,https://i.ytimg.com/vi/vPmobPuM4hI/hqdefault.jpg?sqp=-oaymwEbCKgBEF5IVfKriqkDDggBFQAAiEIYAXABwAEG&rs=AOn4CLDYkXC-pmYZhIU5M5zGns6aAw58sQ,
hB1Wh0LhUNk,TURNAROUND JAZZ BLUES à la GUITARE,https://youtu.be/hB1Wh0LhUNk,https://i.ytimg.com/vi/hB1Wh0LhUNk/hqdefault.jpg?sqp=-oaymwEbCKgBEF5IVfKriqkDDggBFQAAiEIYAXABwAEG&rs=AOn4CLAGa-bXqt3eJn84gs1ktVBqAUf3HQ,
rG9n4ybq6gk,BIOMECANIQUE du GUITARISTE,https://youtu.be/rG9n4ybq6gk,https://i.ytimg.com/vi/rG9n4ybq6gk/hqdefault.jpg?sqp=-oaymwEbCKgBEF5IVfKriqkDDggBFQAAiEIYAXABwAEG&rs=AOn4CLCkxiSxVeZzVRy1MGaRRQwAtbi7Kg,
GrsOS_h6bs4,POURQUOI MES IMPROS NE SONNENT PAS ?,https://youtu.be/GrsOS_h6bs4,https://i.ytimg.com/vi/GrsOS_h6bs4/hqdefault.jpg?sqp=-oaymwEbCKgBEF5IVfKriqkDDggBFQAAiEIYAXABwAEG&rs=AOn4CLCwRBz4oNQIFSlYylCjZlA6kgMsGQ,
3XcO0Z5dNEk,DOUBLE STOPS ET MOUVEMENTS PARALLELES,https://youtu.be/3XcO0Z5dNEk,https://i.ytimg.com/vi/3XcO0Z5dNEk/hqdefault.jpg?sqp=-oaymwEbCKgBEF5IVfKriqkDDggBFQAAiEIYAXABwAEG&rs=AOn4CLCxSeVy8OEAuGWS2hqv8aDnCy65Ug,
VJ6XfA2XnJQ,LE TRITON - ENRICHIR L'IMPRO BLUES,https://youtu.be/VJ6XfA2XnJQ,https://i.ytimg.com/vi/VJ6XfA2XnJQ/hqdefault.jpg?sqp=-oaymwEbCKgBEF5IVfKriqkDDggBFQAAiEIYAXABwAEG&rs=AOn4CLDhoBEAGjYEZif3Mmzm4iYvbNfQ9w,
09HF2Q9W8kY,COMMENT ISOLER UN LOCAL MUSIQUE ?,https://youtu.be/09HF2Q9W8kY,https://i.ytimg.com/vi/09HF2Q9W8kY/hqdefault.jpg?sqp=-oaymwEbCKgBEF5IVfKriqkDDggBFQAAiEIYAXABwAEG&rs=AOn4CLBInkjcevvR1fYjOCs1QUlU0GRLIA,
e66TeX2ip9M,FAUT IL JOUER SUR DES MORCEAUX ?,https://youtu.be/e66TeX2ip9M,https://i.ytimg.com/vi/e66TeX2ip9M/hqdefault.jpg?sqp=-oaymwEbCKgBEF5IVfKriqkDDggBFQAAiEIYAXABwAEG&rs=AOn4CLCp-_vPfbCt4c8ys-HbwnXNBpAqJg,
2jrCI-HKFC8,LE TRUC EN PLUS DES GRANDS GUITARISTES,https://youtu.be/2jrCI-HKFC8,https://i.ytimg.com/vi/2jrCI-HKFC8/hqdefault.jpg?sqp=-oaymwEbCKgBEF5IVfKriqkDDggBFQAAiEIYAXABwAEG&rs=AOn4CLASnlJSVghesoPhL7DnkTun9gqh_g,
2c8F9eJMf0A,IL N'Y A QU'UNE POSITION PENTA,https://youtu.be/2c8F9eJMf0A,https://i.ytimg.com/vi/2c8F9eJMf0A/hqdefault.jpg?sqp=-oaymwEbCKgBEF5IVfKriqkDDggBFQAAiEIYAXABwAEG&rs=AOn4CLCSjz2_VDjrnbDNVnBNWVugXj6qgA,
LM4NJg8KKFA,PEDALES OVERDRIVE #2,https://youtu.be/LM4NJg8KKFA,https://i.ytimg.com/vi/LM4NJg8KKFA/hqdefault.jpg?sqp=-oaymwEbCKgBEF5IVfKriqkDDggBFQAAiEIYAXABwAEG&rs=AOn4CLBAL-v16rpBTYiemjRNfAYtnepNAA,
YPlP_-NsLnA,LE SECRET DES GRANDES COMPOS ?,https://youtu.be/YPlP_-NsLnA,https://i.ytimg.com/vi/YPlP_-NsLnA/hqdefault.jpg?sqp=-oaymwEbCKgBEF5IVfKriqkDDggBFQAAiEIYAXABwAEG&rs=AOn4CLDJ9Ko5swQGaOsrEwtHjEbrCaHhIQ,
xipoXwlzXUY,LIBERTE METRIQUE à la GUITARE,https://youtu.be/xipoXwlzXUY,https://i.ytimg.com/vi/xipoXwlzXUY/hqdefault.jpg?sqp=-oaymwEbCKgBEF5IVfKriqkDDggBFQAAiEIYAXABwAEG&rs=AOn4CLCBGZHGbGtPxCElYWOBqkdidoVgtQ,
0JqG4KQ1P84,ARRETEZ DE TOURNER EN ROND,https://youtu.be/0JqG4KQ1P84,https://i.ytimg.com/vi/0JqG4KQ1P84/hqdefault.jpg?sqp=-oaymwEbCKgBEF5IVfKriqkDDggBFQAAiEIYAXABwAEG&rs=AOn4CLBiT8mTUg9fx2qcnHXzEblESGNk4w,
XT0JerRGp9k,Mon TOP 10 - PEDALES OVERDRIVE#1,https://youtu.be/XT0JerRGp9k,https://i.ytimg.com/vi/XT0JerRGp9k/hqdefault.jpg?sqp=-oaymwEbCKgBEF5IVfKriqkDDggBFQAAiEIYAXABwAEG&rs=AOn4CLAmx9eOLQzn1s7LKr30-xu3XgQWMg,
XVDbY71h39g,TRAVAILLER LE JE DE SCENE ?,https://youtu.be/XVDbY71h39g,https://i.ytimg.com/vi/XVDbY71h39g/hqdefault.jpg?sqp=-oaymwEbCKgBEF5IVfKriqkDDggBFQAAiEIYAXABwAEG&rs=AOn4CLDOALlGvlxUVcCtTGelU8nOds22-g,
BNLR9_mgbh8,DOUBLE STOPS à la GUITARE INITIATION,https://youtu.be/BNLR9_mgbh8,https://i.ytimg.com/vi/BNLR9_mgbh8/hqdefault.jpg?sqp=-oaymwEbCKgBEF5IVfKriqkDDggBFQAAiEIYAXABwAEG&rs=AOn4CLDJAujnrAd1JfcyWv2_pRcSQmUXTA,
g_Uhym6mteA,BLUES - SUIVRE LA GRILLE,https://youtu.be/g_Uhym6mteA,https://i.ytimg.com/vi/g_Uhym6mteA/hqdefault.jpg?sqp=-oaymwEbCKgBEF5IVfKriqkDDggBFQAAiEIYAXABwAEG&rs=AOn4CLBGar8S6e7V_XUq406e9YSyRcbuSA,
VIxLNX-lTuY,UNE ACTION TROP BASSE SUR LA GUITARE,https://youtu.be/VIxLNX-lTuY,https://i.ytimg.com/vi/VIxLNX-lTuY/hqdefault.jpg?sqp=-oaymwEbCKgBEF5IVfKriqkDDggBFQAAiEIYAXABwAEG&rs=AOn4CLDR_gLT58gPT1CxbXsUzuA2Wd1fpw,
clGnIm2g3sM,LA MUSIQUE ET VOUS,https://youtu.be/clGnIm2g3sM,https://i.ytimg.com/vi/clGnIm2g3sM/hqdefault.jpg?sqp=-oaymwEbCKgBEF5IVfKriqkDDggBFQAAiEIYAXABwAEG&rs=AOn4CLC4vV7psxKKqo5Nm3tUGuvR3xYnFg,
AoFTQ63-riY,RETROUVER TOUTES LES NOTES EN HARMONIQUE,https://youtu.be/AoFTQ63-riY,https://i.ytimg.com/vi/AoFTQ63-riY/hqdefault.jpg?sqp=-oaymwEbCKgBEF5IVfKriqkDDggBFQAAiEIYAXABwAEG&rs=AOn4CLAMxaEwDjESuLsQhbkPUtg3oZdudw,
pArtFPmulXE,LES TRITONS DANS LE BLUES,https://youtu.be/pArtFPmulXE,https://i.ytimg.com/vi/pArtFPmulXE/hqdefault.jpg?sqp=-oaymwEbCKgBEF5IVfKriqkDDggBFQAAiEIYAXABwAEG&rs=AOn4CLCQ50JaCwuTenbjsyfsUCd54b6EUQ,
alT_NIU4NgE,NIVEAU DE SORTIE DES MICROS GUITARE,https://youtu.be/alT_NIU4NgE,https://i.ytimg.com/vi/alT_NIU4NgE/hqdefault.jpg?sqp=-oaymwEbCKgBEF5IVfKriqkDDggBFQAAiEIYAXABwAEG&rs=AOn4CLCXt6w71FX4-uIAlug3DsHdz5wQ6w,
InHidXTlZLQ,REUSSIR Les Barrés #2,https://youtu.be/InHidXTlZLQ,https://i.ytimg.com/vi/InHidXTlZLQ/hqdefault.jpg?sqp=-oaymwEbCKgBEF5IVfKriqkDDggBFQAAiEIYAXABwAEG&rs=AOn4CLDNd_OmkLg_XEzKix7eVXmIiki-Bw,
CGGWJCwdTds,DES PROTOS BLUES avec PDF,https://youtu.be/CGGWJCwdTds,https://i.ytimg.com/vi/CGGWJCwdTds/hqdefault.jpg?sqp=-oaymwEbCKgBEF5IVfKriqkDDggBFQAAiEIYAXABwAEG&rs=AOn4CLB1H9wU2JhZ0AuF4GBdkpb16VDkxg,
MRipm8fhkqA,IMPRO BLUES GRAND DEBUTANT,https://youtu.be/MRipm8fhkqA,https://i.ytimg.com/vi/MRipm8fhkqA/hqdefault.jpg?sqp=-oaymwEbCKgBEF5IVfKriqkDDggBFQAAiEIYAXABwAEG&rs=AOn4CLC0ZGZvxlFrtzASV-e-kqtuxQXETQ,
vc_ZFANWI5o,QUEL TIRANT DE CORDES CHOISIR ?,https://youtu.be/vc_ZFANWI5o,https://i.ytimg.com/vi/vc_ZFANWI5o/hqdefault.jpg?sqp=-oaymwEbCKgBEF5IVfKriqkDDggBFQAAiEIYAXABwAEG&rs=AOn4CLDuJuX3ht7zZv6BGokLOf9U0GNvFg,
qaw5Peu0qXw,PENSER THEORIE EN JOUANT ?,https://youtu.be/qaw5Peu0qXw,https://i.ytimg.com/vi/qaw5Peu0qXw/hqdefault.jpg?sqp=-oaymwEbCKgBEF5IVfKriqkDDggBFQAAiEIYAXABwAEG&rs=AOn4CLAVhciVkiwkc5UXoDGjqSJHJOa_hw,
ETT1ARGtz30,UN RIFF ET PUIS C'EST TOUT #3,https://youtu.be/ETT1ARGtz30,https://i.ytimg.com/vi/ETT1ARGtz30/hqdefault.jpg?sqp=-oaymwEbCKgBEF5IVfKriqkDDggBFQAAiEIYAXABwAEG&rs=AOn4CLBExwVJCZDYYgh33y8_MNok0SMSNQ,
th-6ysLgmmk,CHROMATISME - PAT METHENY,https://youtu.be/th-6ysLgmmk,https://i.ytimg.com/vi/th-6ysLgmmk/hqdefault.jpg?sqp=-oaymwEbCKgBEF5IVfKriqkDDggBFQAAiEIYAXABwAEG&rs=AOn4CLBLLQv15whpqb1xDumkqH23cNW5wA,
oZqZShlqDOM,ETRE EN RYTHME QUAND ON FAIT UN SOLO,https://youtu.be/oZqZShlqDOM,https://i.ytimg.com/vi/oZqZShlqDOM/hqdefault.jpg?sqp=-oaymwEbCKgBEF5IVfKriqkDDggBFQAAiEIYAXABwAEG&rs=AOn4CLAN2cWs4VOXlgnG2pJwRmIOdmv6PA,
jU4Gw3yRICE,LA MUSIQUE A LA MODE,https://youtu.be/jU4Gw3yRICE,https://i.ytimg.com/vi/jU4Gw3yRICE/hqdefault.jpg?sqp=-oaymwEbCKgBEF5IVfKriqkDDggBFQAAiEIYAXABwAEG&rs=AOn4CLBpO4Kxq3k_qID4JAcMAP__PIm5Rg,
sgdqXsVSXVo,ARPEGE MIXOLYDIEN DORIEN POUR LE BLUES,https://youtu.be/sgdqXsVSXVo,https://i.ytimg.com/vi/sgdqXsVSXVo/hqdefault.jpg?sqp=-oaymwEbCKgBEF5IVfKriqkDDggBFQAAiEIYAXABwAEG&rs=AOn4CLDCNa0kTjlAWYgHcNppXWyq5QSquA,
s333zzxTwvI,5 EXERCICES POUR L'INDEPEDANCE DES DOIGTS,https://youtu.be/s333zzxTwvI,https://i.ytimg.com/vi/s333zzxTwvI/hqdefault.jpg?sqp=-oaymwEbCKgBEF5IVfKriqkDDggBFQAAiEIYAXABwAEG&rs=AOn4CLA_t0ccfA-zSkFAshMYPc2CfrFprQ,
cTxK1zzqyPA,MUSIQUE AUTONOMIE CREATIVITE,https://youtu.be/cTxK1zzqyPA,https://i.ytimg.com/vi/cTxK1zzqyPA/hqdefault.jpg?sqp=-oaymwEbCKgBEF5IVfKriqkDDggBFQAAiEIYAXABwAEG&rs=AOn4CLCn8MfmiuZgwPhUFlnd2ULgPVKGVg,
woG1GauGf7Q,MA PREMIERE GUITARE !!!,https://youtu.be/woG1GauGf7Q,https://i.ytimg.com/vi/woG1GauGf7Q/hqdefault.jpg?sqp=-oaymwEbCKgBEF5IVfKriqkDDggBFQAAiEIYAXABwAEG&rs=AOn4CLAaY64-CM9hi5ZbF_s5rmlkOMHNQQ,
7ixd1oiWgKY,TRUC STYLE CHANSON DE MARIN,https://youtu.be/7ixd1oiWgKY,https://i.ytimg.com/vi/7ixd1oiWgKY/hqdefault.jpg?sqp=-oaymwEbCKgBEF5IVfKriqkDDggBFQAAiEIYAXABwAEG&rs=AOn4CLAN1kg8dTqixJh7gntpgIOJHxWK9Q,
CRFuM7J1d6E,Le Phrasé à la GUITARE #4,https://youtu.be/CRFuM7J1d6E,https://i.ytimg.com/vi/CRFuM7J1d6E/hqdefault.jpg?sqp=-oaymwEbCKgBEF5IVfKriqkDDggBFQAAiEIYAXABwAEG&rs=AOn4CLBkqCZt7SkMKXMBjwFNOt0SEdIL6g,
RP3lKBTxfMs,DIAGRAMMES PENTAS POUR GAUCHERS en PDF,https://youtu.be/RP3lKBTxfMs,https://i.ytimg.com/vi/RP3lKBTxfMs/hqdefault.jpg?sqp=-oaymwEbCKgBEF5IVfKriqkDDggBFQAAiEIYAXABwAEG&rs=AOn4CLDphNZ2Ig8eulxTcpQkcqIQBCo0kw,
h8fWjfcARys,MUSIQUE ACCELERATION INDIVIDU,https://youtu.be/h8fWjfcARys,https://i.ytimg.com/vi/h8fWjfcARys/hqdefault.jpg?sqp=-oaymwEbCKgBEF5IVfKriqkDDggBFQAAiEIYAXABwAEG&rs=AOn4CLBSt591qGpnaL1cS5bbOs8Lbt3KTg,
n2iSK3LsJd8,DES ACCORDS ET NEIL YOUNG,https://youtu.be/n2iSK3LsJd8,https://i.ytimg.com/vi/n2iSK3LsJd8/hqdefault.jpg?sqp=-oaymwEbCKgBEF5IVfKriqkDDggBFQAAiEIYAXABwAEG&rs=AOn4CLAAiZ6uPUDFvll4wIqkxe5HUHDtzA,
u3u5qiOObqg,MON NOUVEL AMPLI POSTE,https://youtu.be/u3u5qiOObqg,https://i.ytimg.com/vi/u3u5qiOObqg/hqdefault.jpg?sqp=-oaymwEbCKgBEF5IVfKriqkDDggBFQAAiEIYAXABwAEG&rs=AOn4CLCbiv6us4kcxjtVlTPfHAN_NYozWA,
dprVuwLQgP8,DES ACCORDS PLUS FINS A LA GUITARE,https://youtu.be/dprVuwLQgP8,https://i.ytimg.com/vi/dprVuwLQgP8/hqdefault.jpg?sqp=-oaymwEbCKgBEF5IVfKriqkDDggBFQAAiEIYAXABwAEG&rs=AOn4CLA8sylT90MDFOlCmUplR0X6x2YpZA,
hRwxxyvkpa4,DES BLUES DE SIOUX #1,https://youtu.be/hRwxxyvkpa4,https://i.ytimg.com/vi/hRwxxyvkpa4/hqdefault.jpg?sqp=-oaymwEbCKgBEF5IVfKriqkDDggBFQAAiEIYAXABwAEG&rs=AOn4CLCu5uHCXPV0cgcoVvtE4T_ptahrSA,
jt_lOcBYFCQ,PISTES POUR COVERS - SURPRISE,https://youtu.be/jt_lOcBYFCQ,https://i.ytimg.com/vi/jt_lOcBYFCQ/hqdefault.jpg?sqp=-oaymwEbCKgBEF5IVfKriqkDDggBFQAAiEIYAXABwAEG&rs=AOn4CLCxvPym4S1ap5ILh2WjVhWHKFnAaQ,
WEoxNy7A_Gs,Un NOEL POUR LES POETES !,https://youtu.be/WEoxNy7A_Gs,https://i.ytimg.com/vi/WEoxNy7A_Gs/hqdefault.jpg?sqp=-oaymwEbCKgBEF5IVfKriqkDDggBFQAAiEIYAXABwAEG&rs=AOn4CLD9jhutsJN1ANXMjxZEHhcjXxABzw,
FUFLNCZyyA4,LES IDEES CADEAUX DU MUSICIEN,https://youtu.be/FUFLNCZyyA4,https://i.ytimg.com/vi/FUFLNCZyyA4/hqdefault.jpg?sqp=-oaymwEbCKgBEF5IVfKriqkDDggBFQAAiEIYAXABwAEG&rs=AOn4CLCXL3kmANt0btk8KqQCwZHLscTSFw,
78qPxJ3WsVI,ROOTS BLUES ACOUSTIQUE,https://youtu.be/78qPxJ3WsVI,https://i.ytimg.com/vi/78qPxJ3WsVI/hqdefault.jpg?sqp=-oaymwEbCKgBEF5IVfKriqkDDggBFQAAiEIYAXABwAEG&rs=AOn4CLBBCwcRaK1mg-oAg6DAExnCXge19Q,
soSsqSmkSJ8,BLUE NOTE - Grant GREEN ou Michael BRECKER,https://youtu.be/soSsqSmkSJ8,https://i.ytimg.com/vi/soSsqSmkSJ8/hqdefault.jpg?sqp=-oaymwEbCKgBEF5IVfKriqkDDggBFQAAiEIYAXABwAEG&rs=AOn4CLC1ovp2T15qMLL7_uqdnFNg3z_D4g,
tuTMUVsvT-8,HELP ! ON NE M'ENTEND PAS EN GROUPE !,https://youtu.be/tuTMUVsvT-8,https://i.ytimg.com/vi/tuTMUVsvT-8/hqdefault.jpg?sqp=-oaymwEbCKgBEF5IVfKriqkDDggBFQAAiEIYAXABwAEG&rs=AOn4CLDSA0l6qq_sQqypLxXGmLDrNJwZWQ,
SOSGxL7NmHM,DES PISTES DE TRAVAIL,https://youtu.be/SOSGxL7NmHM,https://i.ytimg.com/vi/SOSGxL7NmHM/hqdefault.jpg?sqp=-oaymwEbCKgBEF5IVfKriqkDDggBFQAAiEIYAXABwAEG&rs=AOn4CLB-TL_sfBoAJ6nUkRaVf8CIMvv7-Q,
TrI89FkNpWY,TRIADES DIMINUEES - JOHN SCOFIELD STYLE,https://youtu.be/TrI89FkNpWY,https://i.ytimg.com/vi/TrI89FkNpWY/hqdefault.jpg?sqp=-oaymwEbCKgBEF5IVfKriqkDDggBFQAAiEIYAXABwAEG&rs=AOn4CLDZ-9gmW4rdZa5Ri05jAGAy-V3sEg,
QX8SrnDlEmo,PETIT PAUL IS BACK - GROS RIFF,https://youtu.be/QX8SrnDlEmo,https://i.ytimg.com/vi/QX8SrnDlEmo/hqdefault.jpg?sqp=-oaymwEbCKgBEF5IVfKriqkDDggBFQAAiEIYAXABwAEG&rs=AOn4CLAAbaOnLPmJqXNYM3KGlnvAVQM2cg,
MjYe8fXeey8,CONNEXIONS MELODIQUES #2,https://youtu.be/MjYe8fXeey8,https://i.ytimg.com/vi/MjYe8fXeey8/hqdefault.jpg?sqp=-oaymwEbCKgBEF5IVfKriqkDDggBFQAAiEIYAXABwAEG&rs=AOn4CLBJ7ds--XxAUc2put4K2Z7bLkjKrQ,
Bh1yJzGkwj8,UN PROGRAMME A LA GUITARE - TRAVAILLER QUOI ?,https://youtu.be/Bh1yJzGkwj8,https://i.ytimg.com/vi/Bh1yJzGkwj8/hqdefault.jpg?sqp=-oaymwEbCKgBEF5IVfKriqkDDggBFQAAiEIYAXABwAEG&rs=AOn4CLBh5q7wLFFvpMtVQlkAVLCzoWKUlA,
N-9X05wJT9E,TRAVAILLER LES BENDS A LA GUITARE,https://youtu.be/N-9X05wJT9E,https://i.ytimg.com/vi/N-9X05wJT9E/hqdefault.jpg?sqp=-oaymwEbCKgBEF5IVfKriqkDDggBFQAAiEIYAXABwAEG&rs=AOn4CLC0pfTO0RmvnQ2apS02aa-ezjn7eA,
Bb7dDmgB4kY,RIFF ET EXERCICE DORIEN A LA SCOFIELD,https://youtu.be/Bb7dDmgB4kY,https://i.ytimg.com/vi/Bb7dDmgB4kY/hqdefault.jpg?sqp=-oaymwEbCKgBEF5IVfKriqkDDggBFQAAiEIYAXABwAEG&rs=AOn4CLC4iPZJ3nLL-Me_rjVzoY2-MqIR3w,
3vjbektA9Os,UN SITE TOP POUR LES PASSIONNES DE MUSIQUE,https://youtu.be/3vjbektA9Os,https://i.ytimg.com/vi/3vjbektA9Os/hqdefault.jpg?sqp=-oaymwEbCKgBEF5IVfKriqkDDggBFQAAiEIYAXABwAEG&rs=AOn4CLB-fuU8Ownn3d0-RTjS-dbLvF8ZrQ,
wpo0S9dxt6U,L'OREILLE ANALYTIQUE DU MUSICIEN,https://youtu.be/wpo0S9dxt6U,https://i.ytimg.com/vi/wpo0S9dxt6U/hqdefault.jpg?sqp=-oaymwEbCKgBEF5IVfKriqkDDggBFQAAiEIYAXABwAEG&rs=AOn4CLBW6b2q93sa9zHBfzEoTZqsyBPLVA,
RLCqUDLhicU,5 VIDEOS POUR PROGRESSER EN RYTHME,https://youtu.be/RLCqUDLhicU,https://i.ytimg.com/vi/RLCqUDLhicU/hqdefault.jpg?sqp=-oaymwEbCKgBEF5IVfKriqkDDggBFQAAiEIYAXABwAEG&rs=AOn4CLD8WSGI7aYXs388kKuolgs9iUaxLg,
drdz2KCqeP4,ACCORDS JAZZ POUR VOS BLUES,https://youtu.be/drdz2KCqeP4,https://i.ytimg.com/vi/drdz2KCqeP4/hqdefault.jpg?sqp=-oaymwEbCKgBEF5IVfKriqkDDggBFQAAiEIYAXABwAEG&rs=AOn4CLC5oC3etni0Qfcp8MXYUe-SnJP6Bw,
gZLzu1D6RkQ,IMPORTANCE DE LA FORME EN MUSIQUE,https://youtu.be/gZLzu1D6RkQ,https://i.ytimg.com/vi/gZLzu1D6RkQ/hqdefault.jpg?sqp=-oaymwEbCKgBEF5IVfKriqkDDggBFQAAiEIYAXABwAEG&rs=AOn4CLBtF1c3yaDYtORORGjgNvZePAIOiQ,
1yoGBVQreGs,3'18 POUR LES SOIGNANTS,https://youtu.be/1yoGBVQreGs,https://i.ytimg.com/vi/1yoGBVQreGs/hqdefault.jpg?sqp=-oaymwEbCKgBEF5IVfKriqkDDggBFQAAiEIYAXABwAEG&rs=AOn4CLBLew4LSCn5KBfl-SHK75YGIcMvuQ,
o-Fxfpd8xaA,ROLLING IN THE DEEP pour les MEGA DEBUTANTS,https://youtu.be/o-Fxfpd8xaA,https://i.ytimg.com/vi/o-Fxfpd8xaA/hqdefault.jpg?sqp=-oaymwEbCKgBEF5IVfKriqkDDggBFQAAiEIYAXABwAEG&rs=AOn4CLDwKfKM0K_ae8ynAx71NfWe6UNAwQ,
vkQVk5XAlEo,COMPOSEZ EN PHRYGIEN,https://youtu.be/vkQVk5XAlEo,https://i.ytimg.com/vi/vkQVk5XAlEo/hqdefault.jpg?sqp=-oaymwEbCKgBEF5IVfKriqkDDggBFQAAiEIYAXABwAEG&rs=AOn4CLCCBrGfxo_4TdKYOqZZjZvHwvF1fw,
FwO4_u3jDDI,EVITER LES PALIERS à la GUITARE ?,https://youtu.be/FwO4_u3jDDI,https://i.ytimg.com/vi/FwO4_u3jDDI/hqdefault.jpg?sqp=-oaymwEbCKgBEF5IVfKriqkDDggBFQAAiEIYAXABwAEG&rs=AOn4CLBnyZ7pfHghCIMtq0uvVD8wrjzN2Q,
Sy-I_Ra1c2k,3 ANS DE VIDEOS ET 2 ACCORDS,https://youtu.be/Sy-I_Ra1c2k,https://i.ytimg.com/vi/Sy-I_Ra1c2k/hqdefault.jpg?sqp=-oaymwEbCKgBEF5IVfKriqkDDggBFQAAiEIYAXABwAEG&rs=AOn4CLBaqsfDTKU0BbwbsF94Q_zyt48uFw,
ZouHo0rA_Z4,LES ACCORDS DU BLUES #2,https://youtu.be/ZouHo0rA_Z4,https://i.ytimg.com/vi/ZouHo0rA_Z4/hqdefault.jpg?sqp=-oaymwEbCKgBEF5IVfKriqkDDggBFQAAiEIYAXABwAEG&rs=AOn4CLDc4501wrXgPdbfsPX-s9S1mtYIWA,
sWmrhjfj-Zg,SONNEZ JAZZ DANS 2'39,https://youtu.be/sWmrhjfj-Zg,https://i.ytimg.com/vi/sWmrhjfj-Zg/hqdefault.jpg?sqp=-oaymwEbCKgBEF5IVfKriqkDDggBFQAAiEIYAXABwAEG&rs=AOn4CLD2Fr-_Y_LTXN4K5pitQecXauvYJw,
V_6xNeYqdvU,GUITARE FAUSSE - 5 POINTS A VERIFIER,https://youtu.be/V_6xNeYqdvU,https://i.ytimg.com/vi/V_6xNeYqdvU/hqdefault.jpg?sqp=-oaymwEbCKgBEF5IVfKriqkDDggBFQAAiEIYAXABwAEG&rs=AOn4CLBrzPDfajw4ExijPsL5JiKoftDLNQ,
lsOoeuj2JwM,LES 2 CHOSES LES PLUS IMPORTANTES POUR DEVENIR MUSICIEN,https://youtu.be/lsOoeuj2JwM,https://i.ytimg.com/vi/lsOoeuj2JwM/hqdefault.jpg?sqp=-oaymwEbCKgBEF5IVfKriqkDDggBFQAAiEIYAXABwAEG&rs=AOn4CLB9T3A_QuEx0MV6i0ZW_Ow531kHUQ,
n9FIkcEQZe0,LES ACCORDS DU BLUES #1,https://youtu.be/n9FIkcEQZe0,https://i.ytimg.com/vi/n9FIkcEQZe0/hqdefault.jpg?sqp=-oaymwEbCKgBEF5IVfKriqkDDggBFQAAiEIYAXABwAEG&rs=AOn4CLBoQYoT2s2boxF9gvBbEeYT4lqodw,
Wai958zawdk,UN ARPEGE DORIEN A LA JEFF BECK,https://youtu.be/Wai958zawdk,https://i.ytimg.com/vi/Wai958zawdk/hqdefault.jpg?sqp=-oaymwEbCKgBEF5IVfKriqkDDggBFQAAiEIYAXABwAEG&rs=AOn4CLBT6G2kkAXqfyxx221a5MNNd1n2OQ,
QwXmVhB6DFk,WOODKID - LA MINUTE DU MELOMANE,https://youtu.be/QwXmVhB6DFk,https://i.ytimg.com/vi/QwXmVhB6DFk/hqdefault.jpg?sqp=-oaymwEbCKgBEF5IVfKriqkDDggBFQAAiEIYAXABwAEG&rs=AOn4CLA5fi9JqxLEo62YCDOmWD-3FI_LLQ,
3n3PlLfvPVY,GUITARE Bière ou poney ?,https://youtu.be/3n3PlLfvPVY,https://i.ytimg.com/vi/3n3PlLfvPVY/hqdefault.jpg?sqp=-oaymwEbCKgBEF5IVfKriqkDDggBFQAAiEIYAXABwAEG&rs=AOn4CLDpQ9_v_C8EkGCbJg7VtzvWBnGckA,
xq7lDk0kKVA,DES ACCORDS PLUS BEAUX ET PLUS FACILES,https://youtu.be/xq7lDk0kKVA,https://i.ytimg.com/vi/xq7lDk0kKVA/hqdefault.jpg?sqp=-oaymwEbCKgBEF5IVfKriqkDDggBFQAAiEIYAXABwAEG&rs=AOn4CLC1yhAGvYGD-xrFGKnA7q6Ii_kjQw,
pbPzX1KVLFY,CHANGER FACILEMENT DE POSITION PENTA,https://youtu.be/pbPzX1KVLFY,https://i.ytimg.com/vi/pbPzX1KVLFY/hqdefault.jpg?sqp=-oaymwEbCKgBEF5IVfKriqkDDggBFQAAiEIYAXABwAEG&rs=AOn4CLDDkoFcIoynTcVFH5HOEi632O9tWw,
yhhoHYKQLdo,LA MINUTE DU MELOMANE #20 - SCREAMING HEADLESS TORSOS,https://youtu.be/yhhoHYKQLdo,https://i.ytimg.com/vi/yhhoHYKQLdo/hqdefault.jpg?sqp=-oaymwEbCKgBEF5IVfKriqkDDggBFQAAiEIYAXABwAEG&rs=AOn4CLBIg3_BiN1V60hJHW4aufe5v78oRA,
mGN4jC0CVWw,MON CHOIX DE CABLES PEDALBOARD,https://youtu.be/mGN4jC0CVWw,https://i.ytimg.com/vi/mGN4jC0CVWw/hqdefault.jpg?sqp=-oaymwEbCKgBEF5IVfKriqkDDggBFQAAiEIYAXABwAEG&rs=AOn4CLDTMM2gU4O8Y7BrhLG8DFlu28Pfvw,
WTvJZvH0Zb8,CONNECTER VOS CONNAISSANCES MUSICALES,https://youtu.be/WTvJZvH0Zb8,https://i.ytimg.com/vi/WTvJZvH0Zb8/hqdefault.jpg?sqp=-oaymwEbCKgBEF5IVfKriqkDDggBFQAAiEIYAXABwAEG&rs=AOn4CLAu3mG0Owtx4s3wsnyJDQca-o9Zrw,
jd47FM8ipQ0,VOTRE PREMIERE COMPO #2 avec PDF,https://youtu.be/jd47FM8ipQ0,https://i.ytimg.com/vi/jd47FM8ipQ0/hqdefault.jpg?sqp=-oaymwEbCKgBEF5IVfKriqkDDggBFQAAiEIYAXABwAEG&rs=AOn4CLCInHIbpm-5qKMTKgEa56RUVyQMeQ,
DgWMpxuw384,IMPRO ET INTERVALLES - Le jeu en quintes,https://youtu.be/DgWMpxuw384,https://i.ytimg.com/vi/DgWMpxuw384/hqdefault.jpg?sqp=-oaymwEbCKgBEF5IVfKriqkDDggBFQAAiEIYAXABwAEG&rs=AOn4CLClZjQSOLmq4s1FJB58qQVmyuRejw,
G6p9LoAizHI,MECANIQUE DE LA TENDINITE DU GUITARISTE,https://youtu.be/G6p9LoAizHI,https://i.ytimg.com/vi/G6p9LoAizHI/hqdefault.jpg?sqp=-oaymwEbCKgBEF5IVfKriqkDDggBFQAAiEIYAXABwAEG&rs=AOn4CLDG318kZzEgoQ-3D-zXPnSgVPIGmg,
O0DxB6zqE1s,MAITRISER LA GUITARE ?,https://youtu.be/O0DxB6zqE1s,https://i.ytimg.com/vi/O0DxB6zqE1s/hqdefault.jpg?sqp=-oaymwEbCKgBEF5IVfKriqkDDggBFQAAiEIYAXABwAEG&rs=AOn4CLC7ilt3KhZdxzt3p7H6t4-M2CaNSA,
sHr7DMyn-6E,LES MOTS BLEUS - GUITARE FACILE,https://youtu.be/sHr7DMyn-6E,https://i.ytimg.com/vi/sHr7DMyn-6E/hqdefault.jpg?sqp=-oaymwEbCKgBEF5IVfKriqkDDggBFQAAiEIYAXABwAEG&rs=AOn4CLDUr1qzW_E6tMXO_wNBaTSbmudtxA,
y94r9A0cOrk,LE JEU CHROMATIQUE A LA GUITARE,https://youtu.be/y94r9A0cOrk,https://i.ytimg.com/vi/y94r9A0cOrk/hqdefault.jpg?sqp=-oaymwEbCKgBEF5IVfKriqkDDggBFQAAiEIYAXABwAEG&rs=AOn4CLDc7KzLfaWy_wREJn_sMtdmBFNCdg,
bxwv0f-hTpc,TRAVAILLER LES SEXTOLETS,https://youtu.be/bxwv0f-hTpc,https://i.ytimg.com/vi/bxwv0f-hTpc/hqdefault.jpg?sqp=-oaymwEbCKgBEF5IVfKriqkDDggBFQAAiEIYAXABwAEG&rs=AOn4CLA4eoyxfNGIgEDAPSsEfgExrg8SxQ,
hgJu-d0zUY8,COMMENT PROGRESSER EN RYTHME,https://youtu.be/hgJu-d0zUY8,https://i.ytimg.com/vi/hgJu-d0zUY8/hqdefault.jpg?sqp=-oaymwEbCKgBEF5IVfKriqkDDggBFQAAiEIYAXABwAEG&rs=AOn4CLB4P4Ehl8uFzQ1s3TRWFKyj_PB9aw,
AyxNFZYBt5Q,LA VIE SECRETE DE LA QUARTE JUSTE,https://youtu.be/AyxNFZYBt5Q,https://i.ytimg.com/vi/AyxNFZYBt5Q/hqdefault.jpg?sqp=-oaymwEbCKgBEF5IVfKriqkDDggBFQAAiEIYAXABwAEG&rs=AOn4CLASblZJhTa9mW-gJOGay23nt7MYHg,
y5kgRw1AaZQ,UNE CHANSON=UN MONDE,https://youtu.be/y5kgRw1AaZQ,https://i.ytimg.com/vi/y5kgRw1AaZQ/hqdefault.jpg?sqp=-oaymwEbCKgBEF5IVfKriqkDDggBFQAAiEIYAXABwAEG&rs=AOn4CLBIuIukBxJmEeI4dPBaOJBan3khBQ,
e8UiN4V8rbc,LA MINUTE DU MELOMANE - Billie EILISH,https://youtu.be/e8UiN4V8rbc,https://i.ytimg.com/vi/e8UiN4V8rbc/hqdefault.jpg?sqp=-oaymwEbCKgBEF5IVfKriqkDDggBFQAAiEIYAXABwAEG&rs=AOn4CLDkzmsQNPlHKu8RnM-6B3T8MQ3yQA,
wVM9fphZ_T8,VOTRE PREMIERE COMPO A LA GUITARE,https://youtu.be/wVM9fphZ_T8,https://i.ytimg.com/vi/wVM9fphZ_T8/hqdefault.jpg?sqp=-oaymwEbCKgBEF5IVfKriqkDDggBFQAAiEIYAXABwAEG&rs=AOn4CLCilWKwZo1k-z2PIpqT5mgumVLf4Q,
H2bmZ5GP1mg,COMPOSEZ AVEC LES MODES MINEURS,https://youtu.be/H2bmZ5GP1mg,https://i.ytimg.com/vi/H2bmZ5GP1mg/hqdefault.jpg?sqp=-oaymwEbCKgBEF5IVfKriqkDDggBFQAAiEIYAXABwAEG&rs=AOn4CLBRZwqb_xKL4uj7gmhSvakA7JaKhA,
Zp5d3Hwezmk,EMOUVOIR à la GUITARE ?,https://youtu.be/Zp5d3Hwezmk,https://i.ytimg.com/vi/Zp5d3Hwezmk/hqdefault.jpg?sqp=-oaymwEbCKgBEF5IVfKriqkDDggBFQAAiEIYAXABwAEG&rs=AOn4CLC6niDL5_qNwzEkQEFKm21OF7riWg,
Sf5owNhh3jA,BOTTLENECK en MARBRE - la minute matos,https://youtu.be/Sf5owNhh3jA,https://i.ytimg.com/vi/Sf5owNhh3jA/hqdefault.jpg?sqp=-oaymwEbCKgBEF5IVfKriqkDDggBFQAAiEIYAXABwAEG&rs=AOn4CLBzbZoL_7x5-DVq1jl52WaijVuWwQ,
G2bdmimZ4NE,ENJOY THE SILENCE - POUR LES DEBUTANTS (Depeche Mode),https://youtu.be/G2bdmimZ4NE,https://i.ytimg.com/vi/G2bdmimZ4NE/hqdefault.jpg?sqp=-oaymwEbCKgBEF5IVfKriqkDDggBFQAAiEIYAXABwAEG&rs=AOn4CLDbU8aY2njJ8c2iU_CQKdqGRytoCA,
YBbjwp1X2Os,6 PIEGES SUR LES MODES,https://youtu.be/YBbjwp1X2Os,https://i.ytimg.com/vi/YBbjwp1X2Os/hqdefault.jpg?sqp=-oaymwEbCKgBEF5IVfKriqkDDggBFQAAiEIYAXABwAEG&rs=AOn4CLAQzqnTfzcopAqNH9XHtmymLCJvEA,
nyabXSFRyOE,CONCOURS CADEAUX ET STAGES,https://youtu.be/nyabXSFRyOE,https://i.ytimg.com/vi/nyabXSFRyOE/hqdefault.jpg?sqp=-oaymwEbCKgBEF5IVfKriqkDDggBFQAAiEIYAXABwAEG&rs=AOn4CLDd1arUXLKAEGfF8jcHbHmOZRanPA,
myYELdyYf2c,J'AI ATTEINT MES LIMITES A LA GUITARE,https://youtu.be/myYELdyYf2c,https://i.ytimg.com/vi/myYELdyYf2c/hqdefault.jpg?sqp=-oaymwEbCKgBEF5IVfKriqkDDggBFQAAiEIYAXABwAEG&rs=AOn4CLDFQNuHW7MuzzbH6FMFmxbbyniOhQ,
f9NHOWjU9gM,KOPO DUBLIN - UNE GUITARE HORS NORMES,https://youtu.be/f9NHOWjU9gM,https://i.ytimg.com/vi/f9NHOWjU9gM/hqdefault.jpg?sqp=-oaymwEbCKgBEF5IVfKriqkDDggBFQAAiEIYAXABwAEG&rs=AOn4CLAzAmwUc8-71VhZgO_WcdbwErb8yQ,
THoJS0IR-hg,GUITARE RESONATEUR BLUES,https://youtu.be/THoJS0IR-hg,https://i.ytimg.com/vi/THoJS0IR-hg/hqdefault.jpg?sqp=-oaymwEbCKgBEF5IVfKriqkDDggBFQAAiEIYAXABwAEG&rs=AOn4CLAryC-ZnawiP-LzCNuUY10Ox4_yfw,
_aKal7huzGE,NOUVELLE COMPO ET CAFE FROID,https://youtu.be/_aKal7huzGE,https://i.ytimg.com/vi/_aKal7huzGE/hqdefault.jpg?sqp=-oaymwEbCKgBEF5IVfKriqkDDggBFQAAiEIYAXABwAEG&rs=AOn4CLBhki9DAdeW3xnBqySG4g0cnqRNkA,
uH-1AN5bW4E,LES 2 APPROCHES POUR LES INTERVALLES,https://youtu.be/uH-1AN5bW4E,https://i.ytimg.com/vi/uH-1AN5bW4E/hqdefault.jpg?sqp=-oaymwEbCKgBEF5IVfKriqkDDggBFQAAiEIYAXABwAEG&rs=AOn4CLCO40Tu1-T-aEwB68RfL0e6frQz5A,
RRxLe6USAaE,LA MINUTE DU MELOMANE - SHIRLEY HORN,https://youtu.be/RRxLe6USAaE,https://i.ytimg.com/vi/RRxLe6USAaE/hqdefault.jpg?sqp=-oaymwEbCKgBEF5IVfKriqkDDggBFQAAiEIYAXABwAEG&rs=AOn4CLDSWR4Lp5A3e3WkBQoqx3i5RZGEDg,
1G5DgsVXyjA,DES ACCORDS PLUS FACILES ET PLUS BEAUX A LA GUITARE,https://youtu.be/1G5DgsVXyjA,https://i.ytimg.com/vi/1G5DgsVXyjA/hqdefault.jpg?sqp=-oaymwEbCKgBEF5IVfKriqkDDggBFQAAiEIYAXABwAEG&rs=AOn4CLC8h-t-2SA9Ww-wvvGLh9A7oc_vnw,
a1Eo7WAy1tE,LE DEFAUT NUMERO 1 EN IMPRO,https://youtu.be/a1Eo7WAy1tE,https://i.ytimg.com/vi/a1Eo7WAy1tE/hqdefault.jpg?sqp=-oaymwEbCKgBEF5IVfKriqkDDggBFQAAiEIYAXABwAEG&rs=AOn4CLD50argpH_Um7AQj6LlivJ0emJkww,
vcJohzbBHto,TROUVER L'INSPIRATION A CHAQUE FOIS #2,https://youtu.be/vcJohzbBHto,https://i.ytimg.com/vi/vcJohzbBHto/hqdefault.jpg?sqp=-oaymwEbCKgBEF5IVfKriqkDDggBFQAAiEIYAXABwAEG&rs=AOn4CLAfvsqhUxVmc07AJmQa9ybmhlClzQ,
E_fOJVpmS2M,TROUVER L'INSPIRATION A CHAQUE FOIS #1,https://youtu.be/E_fOJVpmS2M,https://i.ytimg.com/vi/E_fOJVpmS2M/hqdefault.jpg?sqp=-oaymwEbCKgBEF5IVfKriqkDDggBFQAAiEIYAXABwAEG&rs=AOn4CLCB5gQspul_lswpIpktxXXnTm2I7w,
RoabW8Gs32w,RIFF BLUES ET CHROMATISME,https://youtu.be/RoabW8Gs32w,https://i.ytimg.com/vi/RoabW8Gs32w/hqdefault.jpg?sqp=-oaymwEbCKgBEF5IVfKriqkDDggBFQAAiEIYAXABwAEG&rs=AOn4CLCuj9xHXkWZ4zBl5nI_5xdz-trkaw,
sPuK27ZMfJA,METTRE EN VALEUR LES ACCORDS DANS VOS IMPROS,https://youtu.be/sPuK27ZMfJA,https://i.ytimg.com/vi/sPuK27ZMfJA/hqdefault.jpg?sqp=-oaymwEbCKgBEF5IVfKriqkDDggBFQAAiEIYAXABwAEG&rs=AOn4CLDIocyeMTd5jNQD-fHr4Qj1GYVXRg,
mpHKI2vy6g4,RATTRAPER LE TEMPS PERDU EN GUITARE,https://youtu.be/mpHKI2vy6g4,https://i.ytimg.com/vi/mpHKI2vy6g4/hqdefault.jpg?sqp=-oaymwEbCKgBEF5IVfKriqkDDggBFQAAiEIYAXABwAEG&rs=AOn4CLBGD8ZLiLSH0lCJAgrt9Bme8PXZEA,
s3JwgTNoMtg,DEVELOPPER DES IDEES EN MUSIQUE,https://youtu.be/s3JwgTNoMtg,https://i.ytimg.com/vi/s3JwgTNoMtg/hqdefault.jpg?sqp=-oaymwEbCKgBEF5IVfKriqkDDggBFQAAiEIYAXABwAEG&rs=AOn4CLAMViavafulXdyIyUKGnCOcBq7NGQ,
HD0D6BbItXI,ARPEGES DORIENS ET IMPRO BLUES,https://youtu.be/HD0D6BbItXI,https://i.ytimg.com/vi/HD0D6BbItXI/hqdefault.jpg?sqp=-oaymwEbCKgBEF5IVfKriqkDDggBFQAAiEIYAXABwAEG&rs=AOn4CLB6oaSYqmSdl05M4QzcG_MvmLuH1Q,
m0P2bYb_kCk,ENRICHIR L'IMPRO BLUES,https://youtu.be/m0P2bYb_kCk,https://i.ytimg.com/vi/m0P2bYb_kCk/hqdefault.jpg?sqp=-oaymwEbCKgBEF5IVfKriqkDDggBFQAAiEIYAXABwAEG&rs=AOn4CLDhfQBoGUnqjswls7xNPcPssSth3Q,
Ug-RYNsqf98,EVITER LA DISPERSION A LA GUITARE ?,https://youtu.be/Ug-RYNsqf98,https://i.ytimg.com/vi/Ug-RYNsqf98/hqdefault.jpg?sqp=-oaymwEbCKgBEF5IVfKriqkDDggBFQAAiEIYAXABwAEG&rs=AOn4CLCf6in4csiCHnGr6lP3ZAPsHfYh6Q,
1CKFTy8AtAg,ACOUSTIQUE MODULABLE EN STUDIO,https://youtu.be/1CKFTy8AtAg,https://i.ytimg.com/vi/1CKFTy8AtAg/hqdefault.jpg?sqp=-oaymwEbCKgBEF5IVfKriqkDDggBFQAAiEIYAXABwAEG&rs=AOn4CLB1lewFIZHjpKSEuRrNfxo1Vz9Mag,
UFWPu5xXh2Y,ENTENDRE LE MODE LOCRIEN,https://youtu.be/UFWPu5xXh2Y,https://i.ytimg.com/vi/UFWPu5xXh2Y/hqdefault.jpg?sqp=-oaymwEbCKgBEF5IVfKriqkDDggBFQAAiEIYAXABwAEG&rs=AOn4CLDWYisqVOyx2jG2Mo2apz9JBGV9Fg,
Jk0nwdxjp0o,COMMENT TROUVER DES ACCORDS MAGNIFIQUES,https://youtu.be/Jk0nwdxjp0o,https://i.ytimg.com/vi/Jk0nwdxjp0o/hqdefault.jpg?sqp=-oaymwEbCKgBEF5IVfKriqkDDggBFQAAiEIYAXABwAEG&rs=AOn4CLDrLTl4pVDEPPwS_WOkGLd7jVZNMQ,
djIjoVlyUl0,3 TRUCS POUR EVITER LE DECOURAGEMENT,https://youtu.be/djIjoVlyUl0,https://i.ytimg.com/vi/djIjoVlyUl0/hqdefault.jpg?sqp=-oaymwEbCKgBEF5IVfKriqkDDggBFQAAiEIYAXABwAEG&rs=AOn4CLB_I0LosKa1zyLOvxQ5mKaMtlYR9Q,
WUbiZP1NKTg,NOS CERTITUDES SUR LA MUSIQUE,https://youtu.be/WUbiZP1NKTg,https://i.ytimg.com/vi/WUbiZP1NKTg/hqdefault.jpg?sqp=-oaymwEbCKgBEF5IVfKriqkDDggBFQAAiEIYAXABwAEG&rs=AOn4CLBVNxlbIDfQa_PKYZa75jXssSCiHA,
MEACyoFFXoU,RIFF FINGER STYLE ET BLUE NOTE,https://youtu.be/MEACyoFFXoU,https://i.ytimg.com/vi/MEACyoFFXoU/hqdefault.jpg?sqp=-oaymwEbCKgBEF5IVfKriqkDDggBFQAAiEIYAXABwAEG&rs=AOn4CLDFdmKNnhrd9fGNQlf_YYQRDTCeQQ,
lA2sp13tGFA,MELANGER SOLO ET ACCORDS #1,https://youtu.be/lA2sp13tGFA,https://i.ytimg.com/vi/lA2sp13tGFA/hqdefault.jpg?sqp=-oaymwEbCKgBEF5IVfKriqkDDggBFQAAiEIYAXABwAEG&rs=AOn4CLC9_RMYLxO7-5i9nRjVGZERUm_uQw,
20C9MDMFjqE,MA PREPARATION AVANT CONCERT,https://youtu.be/20C9MDMFjqE,https://i.ytimg.com/vi/20C9MDMFjqE/hqdefault.jpg?sqp=-oaymwEbCKgBEF5IVfKriqkDDggBFQAAiEIYAXABwAEG&rs=AOn4CLDIqpl11w2tXg8cY-Kimcv1fnJDxg,
APfQMDvVv-8,MES REGLAGES ACOUSTIQUES,https://youtu.be/APfQMDvVv-8,https://i.ytimg.com/vi/APfQMDvVv-8/hqdefault.jpg?sqp=-oaymwEbCKgBEF5IVfKriqkDDggBFQAAiEIYAXABwAEG&rs=AOn4CLDL5m7W6DDqJ7zTZxl9Moox9vaNfw,
L7M8bKvhrOY,BLUES FUNK AUX DOIGTS - GROOVE !!!,https://youtu.be/L7M8bKvhrOY,https://i.ytimg.com/vi/L7M8bKvhrOY/hqdefault.jpg?sqp=-oaymwEbCKgBEF5IVfKriqkDDggBFQAAiEIYAXABwAEG&rs=AOn4CLDuT46Udsj79gnBWq3x4iOTe2o0zg,
SM6yk5BsyiA,MAITRISER LA PENTA #2,https://youtu.be/SM6yk5BsyiA,https://i.ytimg.com/vi/SM6yk5BsyiA/hqdefault.jpg?sqp=-oaymwEbCKgBEF5IVfKriqkDDggBFQAAiEIYAXABwAEG&rs=AOn4CLA_Z9GxsmfHQ26qGvKMoCBRhbSRvw,
EoDf3ne8TeQ,JOUER SANS ERREURS A LA GUITARE,https://youtu.be/EoDf3ne8TeQ,https://i.ytimg.com/vi/EoDf3ne8TeQ/hqdefault.jpg?sqp=-oaymwEbCKgBEF5IVfKriqkDDggBFQAAiEIYAXABwAEG&rs=AOn4CLDwf57jWwVdGluWJlCr3BQzVYjEwA,
uQMPpnfXmJE,KOPO DUBLIN NUDE - Une guitare d'exception #2,https://youtu.be/uQMPpnfXmJE,https://i.ytimg.com/vi/uQMPpnfXmJE/hqdefault.jpg?sqp=-oaymwEbCKgBEF5IVfKriqkDDggBFQAAiEIYAXABwAEG&rs=AOn4CLDXd1d66252cVcYwYCO8vfYBz20PA,
ZYeWFAoi4ss,RIFF BLUES MIXOLYDIEN ET PHRYGIEN,https://youtu.be/ZYeWFAoi4ss,https://i.ytimg.com/vi/ZYeWFAoi4ss/hqdefault.jpg?sqp=-oaymwEbCKgBEF5IVfKriqkDDggBFQAAiEIYAXABwAEG&rs=AOn4CLBgI9DZXM6G2LYxxfvGeo1BvZTPVw,
3PviL8s3XyY,CONCOURS DE COMPO,https://youtu.be/3PviL8s3XyY,https://i.ytimg.com/vi/3PviL8s3XyY/hqdefault.jpg?sqp=-oaymwEbCKgBEF5IVfKriqkDDggBFQAAiEIYAXABwAEG&rs=AOn4CLAY48sFqLvMIyirtLg9LB_fWBtQLw,
W2u_nVUpnwY,PAS ASSEZ DE FORCE POUR LA GUITARE ?,https://youtu.be/W2u_nVUpnwY,https://i.ytimg.com/vi/W2u_nVUpnwY/hqdefault.jpg?sqp=-oaymwEbCKgBEF5IVfKriqkDDggBFQAAiEIYAXABwAEG&rs=AOn4CLB-SAkBcqMqdmTFf3rbdmPl3ZgusA,
ekKGDENUSAo,KOPO - DUBLIN NUDE - Une guitare d'exception #1,https://youtu.be/ekKGDENUSAo,https://i.ytimg.com/vi/ekKGDENUSAo/hqdefault.jpg?sqp=-oaymwEbCKgBEF5IVfKriqkDDggBFQAAiEIYAXABwAEG&rs=AOn4CLC7qfhu4pQNV8_2OnWzoZUSlVZ-aw,
ucTcbFgEl2U,HALLELUJAH arrangée pour les DEBUTANTS,https://youtu.be/ucTcbFgEl2U,https://i.ytimg.com/vi/ucTcbFgEl2U/hqdefault.jpg?sqp=-oaymwEbCKgBEF5IVfKriqkDDggBFQAAiEIYAXABwAEG&rs=AOn4CLBvMsWpdswDbQZEg_ViAawuxzpW8A,
CjsW1xcQ4Ps,9 CHANSONS MAGIQUES POUR DEBUTANT,https://youtu.be/CjsW1xcQ4Ps,https://i.ytimg.com/vi/CjsW1xcQ4Ps/hqdefault.jpg?sqp=-oaymwEbCKgBEF5IVfKriqkDDggBFQAAiEIYAXABwAEG&rs=AOn4CLCgD0T_tKFl2ofXMty3oyd2LTpBeQ,
EGQZWVciyXA,10 PISTES DE TRAVAIL POUR VOS COMPOS,https://youtu.be/EGQZWVciyXA,https://i.ytimg.com/vi/EGQZWVciyXA/hqdefault.jpg?sqp=-oaymwEbCKgBEF5IVfKriqkDDggBFQAAiEIYAXABwAEG&rs=AOn4CLBbl8wzzyjqLErtDfWFYPDyqMduow,
sTH5n8jOa0U,RYTHMIQUE BLUES ROOTS,https://youtu.be/sTH5n8jOa0U,https://i.ytimg.com/vi/sTH5n8jOa0U/hqdefault.jpg?sqp=-oaymwEbCKgBEF5IVfKriqkDDggBFQAAiEIYAXABwAEG&rs=AOn4CLDcjjamPYzyMDqUZYrlqMWUxMsERw,
fZN5QdD0k2w,MAITRISER LA PENTA #1,https://youtu.be/fZN5QdD0k2w,https://i.ytimg.com/vi/fZN5QdD0k2w/hqdefault.jpg?sqp=-oaymwEbCKgBEF5IVfKriqkDDggBFQAAiEIYAXABwAEG&rs=AOn4CLDImP-i-4x53H1psS0DQQJsM63Dpw,
GVpzyxdC2Fs,L'IMAGINATION ET MON MEILLEUR ANNIVERSAIRE,https://youtu.be/GVpzyxdC2Fs,https://i.ytimg.com/vi/GVpzyxdC2Fs/hqdefault.jpg?sqp=-oaymwEbCKgBEF5IVfKriqkDDggBFQAAiEIYAXABwAEG&rs=AOn4CLDWqbhRFs5BEAga1Qmr2C5typb-Jw,
RV1HZ-qDybE,DES COULEURS A VOLONTE POUR VOS IMPROS,https://youtu.be/RV1HZ-qDybE,https://i.ytimg.com/vi/RV1HZ-qDybE/hqdefault.jpg?sqp=-oaymwEbCKgBEF5IVfKriqkDDggBFQAAiEIYAXABwAEG&rs=AOn4CLDbCE536De-NA9KJDHserFoB0Bq-g,
gaeMXnpUwAU,LES 7 VISAGES D'UN PLAN,https://youtu.be/gaeMXnpUwAU,https://i.ytimg.com/vi/gaeMXnpUwAU/hqdefault.jpg?sqp=-oaymwEbCKgBEF5IVfKriqkDDggBFQAAiEIYAXABwAEG&rs=AOn4CLCN7KeOkfcQ6uWWE58OzHjE_fv6_g,
lmhlVlGVwrU,MES 3 TECHNIQUES POUR TESTER UNE GUITARE ACOUSTIQUE,https://youtu.be/lmhlVlGVwrU,https://i.ytimg.com/vi/lmhlVlGVwrU/hqdefault.jpg?sqp=-oaymwEbCKgBEF5IVfKriqkDDggBFQAAiEIYAXABwAEG&rs=AOn4CLCanKHNILvxSm5ShOTdhT1sjZENvg,
wsN76XLaea8,50 000 Abonnés !!!,https://youtu.be/wsN76XLaea8,https://i.ytimg.com/vi/wsN76XLaea8/hqdefault.jpg?sqp=-oaymwEbCKgBEF5IVfKriqkDDggBFQAAiEIYAXABwAEG&rs=AOn4CLA5edvITTU8BqNLtp2agvkpfPAcOg,
KqtJ1vwJUk4,FINGER STYLE BLUES #16 - GUITARE ACOUSTIQUE,https://youtu.be/KqtJ1vwJUk4,https://i.ytimg.com/vi/KqtJ1vwJUk4/hqdefault.jpg?sqp=-oaymwEbCKgBEF5IVfKriqkDDggBFQAAiEIYAXABwAEG&rs=AOn4CLCCARWvVD_gjPgRoaMPILdAWvpKyA,
WWawEHd0aFw,LIBEREZ VOS RIFFS BLUES DEBUTANT,https://youtu.be/WWawEHd0aFw,https://i.ytimg.com/vi/WWawEHd0aFw/hqdefault.jpg?sqp=-oaymwEbCKgBEF5IVfKriqkDDggBFQAAiEIYAXABwAEG&rs=AOn4CLDHwPXw_yy0a4I3ObCTIKELm-9ryg,
41odP5Jm5as,RECONNAÎTRE LES MODES A L'OREILLE,https://youtu.be/41odP5Jm5as,https://i.ytimg.com/vi/41odP5Jm5as/hqdefault.jpg?sqp=-oaymwEbCKgBEF5IVfKriqkDDggBFQAAiEIYAXABwAEG&rs=AOn4CLCo7TN4eW6zQYyAG-C1Il87TGGD9Q,
B6zxkZga5Po,LES 2 TRUCS QUI POURRISSENT VOS COMPOS ET IMPROS,https://youtu.be/B6zxkZga5Po,https://i.ytimg.com/vi/B6zxkZga5Po/hqdefault.jpg?sqp=-oaymwEbCKgBEF5IVfKriqkDDggBFQAAiEIYAXABwAEG&rs=AOn4CLD7HRCTWC_tPEcNI0fOW_vjaeXr1A,
xJd8mrdHHow,DONNEZ UN AIR DE HENDRIX A VOS COMPOS,https://youtu.be/xJd8mrdHHow,https://i.ytimg.com/vi/xJd8mrdHHow/hqdefault.jpg?sqp=-oaymwEbCKgBEF5IVfKriqkDDggBFQAAiEIYAXABwAEG&rs=AOn4CLCHVx-T4K20thH8EGHOYI8_HOsNsA,
_vqzRI1rdBE,A MAITRISER ABSOLUMENT A LA GUITARE,https://youtu.be/_vqzRI1rdBE,https://i.ytimg.com/vi/_vqzRI1rdBE/hqdefault.jpg?sqp=-oaymwEbCKgBEF5IVfKriqkDDggBFQAAiEIYAXABwAEG&rs=AOn4CLACDaKmNd6sZjqHoBqKVXoeyW45jQ,
G9NZv9ix30g,KOPO INTERVIEW,https://youtu.be/G9NZv9ix30g,https://i.ytimg.com/vi/G9NZv9ix30g/hqdefault.jpg?sqp=-oaymwEbCKgBEF5IVfKriqkDDggBFQAAiEIYAXABwAEG&rs=AOn4CLAP0czAwBKN-wdTUwSnCKfAn5sygw,
XFLg1GFeJUw,LE Phrasé RYTHMIQUE POUR LE BLUES,https://youtu.be/XFLg1GFeJUw,https://i.ytimg.com/vi/XFLg1GFeJUw/hqdefault.jpg?sqp=-oaymwEbCKgBEF5IVfKriqkDDggBFQAAiEIYAXABwAEG&rs=AOn4CLC7l8Zb0oHRZdoSnf9dD-wVBvpUug,
ms3BUsXlb9E,RIFF BLUES ACOUSTIQUE ROOTS - avec PDF,https://youtu.be/ms3BUsXlb9E,https://i.ytimg.com/vi/ms3BUsXlb9E/hqdefault.jpg?sqp=-oaymwEbCKgBEF5IVfKriqkDDggBFQAAiEIYAXABwAEG&rs=AOn4CLAPVyKhxUCxq569kJJbRsF00ji8sA,
JoLEjVpro54,7 PROBLEMES QUI VOUS EMPECHENT DE MAITRISER LE BLUES,https://youtu.be/JoLEjVpro54,https://i.ytimg.com/vi/JoLEjVpro54/hqdefault.jpg?sqp=-oaymwEbCKgBEF5IVfKriqkDDggBFQAAiEIYAXABwAEG&rs=AOn4CLD3A3vTHeVXbZ3NuCfZJy61o10M_w,
QFe43ddWyXY,DEVELOPPEZ L'ASPECT FORMEL DE VOS COMPOS,https://youtu.be/QFe43ddWyXY,https://i.ytimg.com/vi/QFe43ddWyXY/hqdefault.jpg?sqp=-oaymwEbCKgBEF5IVfKriqkDDggBFQAAiEIYAXABwAEG&rs=AOn4CLCEAsEJQLRyI41RpNZi02eiPH4vpg,
92o5Arcm1L8,LE DIDDLEY BEAT,https://youtu.be/92o5Arcm1L8,https://i.ytimg.com/vi/92o5Arcm1L8/hqdefault.jpg?sqp=-oaymwEbCKgBEF5IVfKriqkDDggBFQAAiEIYAXABwAEG&rs=AOn4CLD82HlC4l_lJagJVBwTkpLPxrxeTw,
q8cA6MrzOHc,MAITRISER LES BLUE NOTES EN IMPRO,https://youtu.be/q8cA6MrzOHc,https://i.ytimg.com/vi/q8cA6MrzOHc/hqdefault.jpg?sqp=-oaymwEbCKgBEF5IVfKriqkDDggBFQAAiEIYAXABwAEG&rs=AOn4CLAXBNn346a2QwE_Zzet5ufRvJubKQ,
3sLyqKAMBKo,FAITES SONNER LA SIXTE DANS VOS BLUES,https://youtu.be/3sLyqKAMBKo,https://i.ytimg.com/vi/3sLyqKAMBKo/hqdefault.jpg?sqp=-oaymwEbCKgBEF5IVfKriqkDDggBFQAAiEIYAXABwAEG&rs=AOn4CLCZwYNpolhm-93Wcak8UELoOOvNGQ,
-QrwWucZviI,EMBELLISSEZ VOS ACCORDS A LA GUITARE,https://youtu.be/-QrwWucZviI,https://i.ytimg.com/vi/-QrwWucZviI/hqdefault.jpg?sqp=-oaymwEbCKgBEF5IVfKriqkDDggBFQAAiEIYAXABwAEG&rs=AOn4CLAfEaDRPOxzIOiMefHdhe0lHPWGqA,
PVKmO-vfl48,JOHN LEE HOOKER STYLE - PDF,https://youtu.be/PVKmO-vfl48,https://i.ytimg.com/vi/PVKmO-vfl48/hqdefault.jpg?sqp=-oaymwEbCKgBEF5IVfKriqkDDggBFQAAiEIYAXABwAEG&rs=AOn4CLA3Bs4b7Wdv5t_DlrvP6Igaco341g,
C1aiV3jLh8Y,FAIRE SONNER LA GAMME BLUES,https://youtu.be/C1aiV3jLh8Y,https://i.ytimg.com/vi/C1aiV3jLh8Y/hqdefault.jpg?sqp=-oaymwEbCKgBEF5IVfKriqkDDggBFQAAiEIYAXABwAEG&rs=AOn4CLAD261JBD5M_VPJv78tyObVKfYbFw,
gFtBOtJlui4,COMPOSER VOS MUSIQUES,https://youtu.be/gFtBOtJlui4,https://i.ytimg.com/vi/gFtBOtJlui4/hqdefault.jpg?sqp=-oaymwEbCKgBEF5IVfKriqkDDggBFQAAiEIYAXABwAEG&rs=AOn4CLCEH5KtaEgVNGQAIVDNmtVezHkqXQ,
G8HA_m5Sms0,COMPOSER DES RIFFS COMME JIMMY PAGE - PDF,https://youtu.be/G8HA_m5Sms0,https://i.ytimg.com/vi/G8HA_m5Sms0/hqdefault.jpg?sqp=-oaymwEbCKgBEF5IVfKriqkDDggBFQAAiEIYAXABwAEG&rs=AOn4CLBPYPTNgOVaI8xcZvYtvKyeN4n5tg,
VOiCSsR3-O0,MARK KNOPFLER et JJ CALE STYLE,https://youtu.be/VOiCSsR3-O0,https://i.ytimg.com/vi/VOiCSsR3-O0/hqdefault.jpg?sqp=-oaymwEbCKgBEF5IVfKriqkDDggBFQAAiEIYAXABwAEG&rs=AOn4CLAUWqNr_xoGk2XBTMqCRbv0wIUc2A,
ejTzktPbxlc,LES SECRETS DE LARRY CARLTON #1,https://youtu.be/ejTzktPbxlc,https://i.ytimg.com/vi/ejTzktPbxlc/hqdefault.jpg?sqp=-oaymwEbCKgBEF5IVfKriqkDDggBFQAAiEIYAXABwAEG&rs=AOn4CLDxN7RBN8-f3Y0RkzUlR3v7a_A16w,
Dej84nRlUCI,RENDRE UNE REVERB PLUS NATURELLE,https://youtu.be/Dej84nRlUCI,https://i.ytimg.com/vi/Dej84nRlUCI/hqdefault.jpg?sqp=-oaymwEbCKgBEF5IVfKriqkDDggBFQAAiEIYAXABwAEG&rs=AOn4CLBPF1CfkE1NFJk03agZXx6GmBoU0w,
bJ2ABtWNQCg,HELP ! BESOIN D'AIDE,https://youtu.be/bJ2ABtWNQCg,https://i.ytimg.com/vi/bJ2ABtWNQCg/hqdefault.jpg?sqp=-oaymwEbCKgBEF5IVfKriqkDDggBFQAAiEIYAXABwAEG&rs=AOn4CLAYahAVJbZYF4YU8GTWRSf4Vt6JrQ,
JVWNhLuWtDM,RIFF BLUES FINGER STYLE - PDF,https://youtu.be/JVWNhLuWtDM,https://i.ytimg.com/vi/JVWNhLuWtDM/hqdefault.jpg?sqp=-oaymwEbCKgBEF5IVfKriqkDDggBFQAAiEIYAXABwAEG&rs=AOn4CLCc-imG6wY2zKqROPewnZyadJ1xIQ,
ybZBWL8eBPg,ACCORDS MAJEURS JIMI HENDRIX STYLE - PDF,https://youtu.be/ybZBWL8eBPg,https://i.ytimg.com/vi/ybZBWL8eBPg/hqdefault.jpg?sqp=-oaymwEbCKgBEF5IVfKriqkDDggBFQAAiEIYAXABwAEG&rs=AOn4CLBcAv6WSNhLcrZDnGp7pbyHNTzmlQ,
uag1igvWpOE,DÉBUTANT - ENTENDRE LE MODE IONIEN - PDF,https://youtu.be/uag1igvWpOE,https://i.ytimg.com/vi/uag1igvWpOE/hqdefault.jpg?sqp=-oaymwEbCKgBEF5IVfKriqkDDggBFQAAiEIYAXABwAEG&rs=AOn4CLBoIr7Te7wUFcuia9KuAc8l9Disdg,
WyGXBmqL4oE,ARRETER DE TOURNER EN ROND SUR LA PENTA,https://youtu.be/WyGXBmqL4oE,https://i.ytimg.com/vi/WyGXBmqL4oE/hqdefault.jpg?sqp=-oaymwEbCKgBEF5IVfKriqkDDggBFQAAiEIYAXABwAEG&rs=AOn4CLDOgyKTlCRofI4z1ylAPqTpwztFbA,
H2ddnu-DAcw,RECYCLER RESPECTER S'APPROPRIER,https://youtu.be/H2ddnu-DAcw,https://i.ytimg.com/vi/H2ddnu-DAcw/hqdefault.jpg?sqp=-oaymwEbCKgBEF5IVfKriqkDDggBFQAAiEIYAXABwAEG&rs=AOn4CLDRYZmcOrmhyuTOU1QyJvhP_AOiTA,
D7j3u2Llmvg,TRAVAILLER LA MISE EN PLACE RYTHMIQUE,https://youtu.be/D7j3u2Llmvg,https://i.ytimg.com/vi/D7j3u2Llmvg/hqdefault.jpg?sqp=-oaymwEbCKgBEF5IVfKriqkDDggBFQAAiEIYAXABwAEG&rs=AOn4CLA1KKW0rYZQF6MblTyInCZ_K7evYQ,
aZXEboyx_l0,ASMR DU GUITARISTE,https://youtu.be/aZXEboyx_l0,https://i.ytimg.com/vi/aZXEboyx_l0/hqdefault.jpg?sqp=-oaymwEbCKgBEF5IVfKriqkDDggBFQAAiEIYAXABwAEG&rs=AOn4CLAsyG-LJ0Er_suz0S4uGuOn4SIEaA,
mFdezLjV23Y,REMPLACER LES BARRES à la guitare,https://youtu.be/mFdezLjV23Y,https://i.ytimg.com/vi/mFdezLjV23Y/hqdefault.jpg?sqp=-oaymwEbCKgBEF5IVfKriqkDDggBFQAAiEIYAXABwAEG&rs=AOn4CLDmWRdE84HJexjjGTlnpVYwUOUwbA,
LQB03jnnBFI,ENREGISTRER SA MUSIQUE SEUL ?,https://youtu.be/LQB03jnnBFI,https://i.ytimg.com/vi/LQB03jnnBFI/hqdefault.jpg?sqp=-oaymwEbCKgBEF5IVfKriqkDDggBFQAAiEIYAXABwAEG&rs=AOn4CLDasiiO0lmh0YbN7YQQuQMtR3OGig,
OceNiaW0oNw,GUITARE et MAL AUX DOIGTS - comment faire ?,https://youtu.be/OceNiaW0oNw,https://i.ytimg.com/vi/OceNiaW0oNw/hqdefault.jpg?sqp=-oaymwEbCKgBEF5IVfKriqkDDggBFQAAiEIYAXABwAEG&rs=AOn4CLBuefXaKs34ik89I9G0S6YZc1S6zw,
rvDlk6p5nTo,DES ACCORDS PLUS FACILES ET PLUS BEAUX #4 pdf,https://youtu.be/rvDlk6p5nTo,https://i.ytimg.com/vi/rvDlk6p5nTo/hqdefault.jpg?sqp=-oaymwEbCKgBEF5IVfKriqkDDggBFQAAiEIYAXABwAEG&rs=AOn4CLDgXyGgazBenqp_IGYWgipVJt7gBQ,
YBHqSjDe2JM,GHOST NOTES A LA Mark KNOPFLER,https://youtu.be/YBHqSjDe2JM,https://i.ytimg.com/vi/YBHqSjDe2JM/hqdefault.jpg?sqp=-oaymwEbCKgBEF5IVfKriqkDDggBFQAAiEIYAXABwAEG&rs=AOn4CLACJ5-vkn9Yk9K5boS7NNYkwfPaMw,
2uqNXUGIjqE,DISSONANCES à la JOHN SCOFIELD avec PDF,https://youtu.be/2uqNXUGIjqE,https://i.ytimg.com/vi/2uqNXUGIjqE/hqdefault.jpg?sqp=-oaymwEbCKgBEF5IVfKriqkDDggBFQAAiEIYAXABwAEG&rs=AOn4CLCC4DroqSzchCwxmNJ4KKvTlobWZQ,
emIDewrABNI,TEST - FREEZE - ELECTRO HARMONIX,https://youtu.be/emIDewrABNI,https://i.ytimg.com/vi/emIDewrABNI/hqdefault.jpg?sqp=-oaymwEbCKgBEF5IVfKriqkDDggBFQAAiEIYAXABwAEG&rs=AOn4CLAaEnYPxU0m06e3YUBlCiMARgaHIQ,
dvwzfmnVBKA,MA TECHNIQUE POUR RESTER DEBUTANT,https://youtu.be/dvwzfmnVBKA,https://i.ytimg.com/vi/dvwzfmnVBKA/hqdefault.jpg?sqp=-oaymwEbCKgBEF5IVfKriqkDDggBFQAAiEIYAXABwAEG&rs=AOn4CLCv6xGwTXsLJWsu8gxHjVekAjoEzw,
bAI-e7_lYmQ,ENTENDRE LE MODE LYDIEN avec PDF,https://youtu.be/bAI-e7_lYmQ,https://i.ytimg.com/vi/bAI-e7_lYmQ/hqdefault.jpg?sqp=-oaymwEbCKgBEF5IVfKriqkDDggBFQAAiEIYAXABwAEG&rs=AOn4CLDkFc8pv1qDolS_zwvwZsjlgRuejg,
17W8yjeFwWM,MINEUR EOLIEN OU DORIEN,https://youtu.be/17W8yjeFwWM,https://i.ytimg.com/vi/17W8yjeFwWM/hqdefault.jpg?sqp=-oaymwEbCKgBEF5IVfKriqkDDggBFQAAiEIYAXABwAEG&rs=AOn4CLA3wUmOrBU2KqAPv6cr5gs3T-L1UQ,
oIaJDtQ-S0M,FAIRE UN BOURDON AVEC UN LOOPER,https://youtu.be/oIaJDtQ-S0M,https://i.ytimg.com/vi/oIaJDtQ-S0M/hqdefault.jpg?sqp=-oaymwEbCKgBEF5IVfKriqkDDggBFQAAiEIYAXABwAEG&rs=AOn4CLAVKfGyhUzVan-wKf8DGVtvAkJmQA,
tThge_VKlls,RESULTATS DU CONCOURS et SURPRISE,https://youtu.be/tThge_VKlls,https://i.ytimg.com/vi/tThge_VKlls/hqdefault.jpg?sqp=-oaymwEbCKgBEF5IVfKriqkDDggBFQAAiEIYAXABwAEG&rs=AOn4CLDkKvIEow72kVInMvvqoQamerGaUg,
zYbaOqPTNAA,TRAVAILLER LE RYTHME SANS GUITARE #3,https://youtu.be/zYbaOqPTNAA,https://i.ytimg.com/vi/zYbaOqPTNAA/hqdefault.jpg?sqp=-oaymwEbCKgBEF5IVfKriqkDDggBFQAAiEIYAXABwAEG&rs=AOn4CLCjgx7fBmBmW7jnsNfqcF6tM5Jedg,
0LDeaYoSmeY,même pas mal,https://youtu.be/0LDeaYoSmeY,https://i.ytimg.com/vi/0LDeaYoSmeY/hqdefault.jpg?sqp=-oaymwEbCKgBEF5IVfKriqkDDggBFQAAiEIYAXABwAEG&rs=AOn4CLDVr_riPwrXfbxQJegf49VlNOyrWA,
tJEMMGt6wjA,3 MODES DANS UN RIFF - BLUES FINGER STYLE #13,https://youtu.be/tJEMMGt6wjA,https://i.ytimg.com/vi/tJEMMGt6wjA/hqdefault.jpg?sqp=-oaymwEbCKgBEF5IVfKriqkDDggBFQAAiEIYAXABwAEG&rs=AOn4CLCUbAbT4FnqKbYmQQbGvoYjIfbs2g,
